Material,Gas,Mat_Group,Material_Class,Functional,DFT_Software,Adsorption_Energy_eV,Predicted_Energy_eV,Residual_eV,Abs_Error_eV,CV_fold,Model
Defective Graphene,CO,carbon_2d,2D Carbon,LDA (CA-PZ),CASTEP,-2.33,-0.7238804676880529,-1.606119532311947,1.606119532311947,1,LightGBM
Defective Graphene,NO,carbon_2d,2D Carbon,LDA (CA-PZ),CASTEP,-3.04,-0.9731157403330966,-2.0668842596669035,2.0668842596669035,1,LightGBM
Defective Graphene,NO2,carbon_2d,2D Carbon,LDA (CA-PZ),CASTEP,-3.04,-1.7116374808238064,-1.3283625191761936,1.3283625191761936,1,LightGBM
Defective Graphene,NH3,carbon_2d,2D Carbon,LDA (CA-PZ),CASTEP,-0.24,-0.09948502597069062,-0.14051497402930938,0.14051497402930938,1,LightGBM
Mo2CO2,NH3,mxene,MXene,PBE,VASP,-0.4,-0.43938851265745205,0.039388512657452024,0.039388512657452024,1,LightGBM
Mo2CO2,NO,mxene,MXene,PBE,VASP,-0.8,-0.4055160560389325,-0.39448394396106756,0.39448394396106756,1,LightGBM
Mo2CO2,H2S,mxene,MXene,PBE,VASP,-0.39,-0.3351672960828074,-0.05483270391719264,0.05483270391719264,1,LightGBM
Mo2CO2,SO2,mxene,MXene,PBE,VASP,-0.28,-0.20467097958333233,-0.0753290204166677,0.0753290204166677,1,LightGBM
Mo2CO2,NO2,mxene,MXene,PBE,VASP,-0.26,-0.18327865158661302,-0.07672134841338699,0.07672134841338699,1,LightGBM
Mo2CO2,H2O,mxene,MXene,PBE,VASP,-0.21,-0.26064282217551854,0.05064282217551855,0.05064282217551855,1,LightGBM
Mo2CO2,CO2,mxene,MXene,PBE,VASP,-0.21,-0.296719867415444,0.08671986741544399,0.08671986741544399,1,LightGBM
Mo2CO2,CO,mxene,MXene,PBE,VASP,-0.12,-0.12626357090780577,0.006263570907805771,0.006263570907805771,1,LightGBM
Mo2CO2,N2,mxene,MXene,PBE,VASP,-0.12,-0.2200686847340963,0.1000686847340963,0.1000686847340963,1,LightGBM
Ga-doped Graphene,SO2,carbon_2d,2D Carbon,GGA-PBE,DMol3,-2.61,-1.6909460471269135,-0.9190539528730863,0.9190539528730863,1,LightGBM
N-Ga co-doped Graphene,SO2,carbon_2d,2D Carbon,GGA-PBE,DMol3,-2.75,-1.8246622197276081,-0.9253377802723919,0.9253377802723919,1,LightGBM
N-Ga co-doped Graphene,SO2,carbon_2d,2D Carbon,GGA-PBE,DMol3,-2.55,-1.7856205804837113,-0.7643794195162885,0.7643794195162885,1,LightGBM
N-Ga co-doped Graphene,SO2,carbon_2d,2D Carbon,GGA-PBE,DMol3,-2.53,-1.7856205804837113,-0.7443794195162885,0.7443794195162885,1,LightGBM
Co-MoTe2,CO,tmd_decorated,TMD,GGA-PBE,CASTEP,-0.167,-0.5873289961643493,0.42032899616434927,0.42032899616434927,1,LightGBM
Co-MoTe2,CH3CHO,tmd_decorated,TMD,GGA-PBE,CASTEP,-0.392,-0.4531242540875388,0.0611242540875388,0.0611242540875388,1,LightGBM
Co-MoTe2,C6H6,tmd_decorated,TMD,GGA-PBE,CASTEP,-0.667,-0.7304932839618011,0.0634932839618011,0.0634932839618011,1,LightGBM
Au-MoTe2,SO2,tmd_decorated,TMD,GGA-PBE,CASTEP,-0.98,-0.8680752072830747,-0.11192479271692524,0.11192479271692524,1,LightGBM
Cu-MoTe2,SO2,tmd_decorated,TMD,GGA-PBE,CASTEP,-1.18,-1.2733356743098703,0.09333567430987033,0.09333567430987033,1,LightGBM
Au-MoTe2,SOF2,tmd_decorated,TMD,GGA-PBE,CASTEP,-0.49,-0.7075068806137605,0.21750688061376056,0.21750688061376056,1,LightGBM
Cu-MoTe2,SOF2,tmd_decorated,TMD,GGA-PBE,CASTEP,-0.6,-0.8728877064060725,0.2728877064060725,0.2728877064060725,1,LightGBM
Au-MoTe2,HF,tmd_decorated,TMD,GGA-PBE,CASTEP,-0.23,-0.4406974648766802,0.2106974648766802,0.2106974648766802,1,LightGBM
Cu-MoTe2,HF,tmd_decorated,TMD,GGA-PBE,CASTEP,-0.33,-0.33281387340810764,0.0028138734081076255,0.0028138734081076255,1,LightGBM
Ni-doped Graphene,SO2,carbon_2d,2D Carbon,GGA-PBE,CASTEP,-4.213,-2.7427739897392427,-1.4702260102607574,1.4702260102607574,1,LightGBM
B-pattern Graphene (a1),CO,carbon_2d,2D Carbon,GGA-PBE,VASP,-0.025,-0.03338597177937258,0.00838597177937258,0.00838597177937258,1,LightGBM
B-pattern Graphene (a1),NH3,carbon_2d,2D Carbon,GGA-PBE,VASP,-0.561,-0.35312517945199695,-0.2078748205480031,0.2078748205480031,1,LightGBM
B-pattern Graphene (d1),CO,carbon_2d,2D Carbon,GGA-PBE,VASP,-0.309,-0.044805353720477614,-0.2641946462795224,0.2641946462795224,1,LightGBM
B-pattern Graphene (d1),NH3,carbon_2d,2D Carbon,GGA-PBE,VASP,-0.33,0.12030829825018526,-0.45030829825018526,0.45030829825018526,1,LightGBM
B-pattern Graphene (f1),CO,carbon_2d,2D Carbon,GGA-PBE,VASP,-0.291,-0.04743131014382057,-0.2435686898561794,0.2435686898561794,1,LightGBM
B-pattern Graphene (f1),NH3,carbon_2d,2D Carbon,GGA-PBE,VASP,-1.047,-0.5684461565479095,-0.4785538434520904,0.4785538434520904,1,LightGBM
Ni-embedded Graphene,O2,carbon_2d,2D Carbon,GGA-PBE,VASP,-1.52,-1.360466145081841,-0.15953385491815908,0.15953385491815908,1,LightGBM
Ni-embedded Graphene,CO,carbon_2d,2D Carbon,GGA-PBE,VASP,-1.12,-1.1733746653232846,0.0533746653232845,0.0533746653232845,1,LightGBM
Ni-embedded Graphene,NO,carbon_2d,2D Carbon,GGA-PBE,VASP,-1.13,-1.2809945147488682,0.15099451474886827,0.15099451474886827,1,LightGBM
Co-anchored Graphene,CO,carbon_2d,2D Carbon,GGA-PBE,VASP,-0.62,-2.2698670669833296,1.6498670669833295,1.6498670669833295,1,LightGBM
Co-anchored Graphene,NO,carbon_2d,2D Carbon,GGA-PBE,VASP,-1.51,-3.5287357328598428,2.0187357328598425,2.0187357328598425,1,LightGBM
Co-anchored Graphene,SO2,carbon_2d,2D Carbon,GGA-PBE,VASP,-1.07,-2.251325708776712,1.181325708776712,1.181325708776712,1,LightGBM
Co-anchored Graphene,NH3,carbon_2d,2D Carbon,GGA-PBE,VASP,-1.46,-1.3285924149930044,-0.13140758500699556,0.13140758500699556,1,LightGBM
Fe-doped Graphene,CO,carbon_2d,2D Carbon,PBE/Def2-SVP,Gaussian,-1.6,-1.4061625123457921,-0.19383748765420794,0.19383748765420794,1,LightGBM
Fe-doped Graphene,SO2,carbon_2d,2D Carbon,PBE/Def2-SVP,Gaussian,-1.8,-1.2893328129527284,-0.5106671870472717,0.5106671870472717,1,LightGBM
Zigzag Graphene Nanoribbon,NO,carbon_1d,2D Carbon,DFT (ATK),ATK-VNL,-0.273,-0.22713241244396862,-0.0458675875560314,0.0458675875560314,1,LightGBM
Zigzag Graphene Nanoribbon,NO2,carbon_1d,2D Carbon,DFT (ATK),ATK-VNL,-0.225,-0.04081555936325362,-0.18418444063674638,0.18418444063674638,1,LightGBM
Zigzag Graphene Nanoribbon,NH3,carbon_1d,2D Carbon,DFT (ATK),ATK-VNL,-0.092,-0.25988445153667084,0.16788445153667084,0.16788445153667084,1,LightGBM
1H-HfS2,NH3,tmd_4b,2D TMDC,GGA-PBE+D3,VASP,-0.647,-1.0871536364324095,0.44015363643240946,0.44015363643240946,1,LightGBM
1H-HfS2,NO2,tmd_4b,2D TMDC,GGA-PBE+D3,VASP,-0.456,-0.607221740237566,0.15122174023756602,0.15122174023756602,1,LightGBM
1H-ZrSe2,NH3,tmd_4b,2D TMDC,GGA-PBE+D3,VASP,-0.518,-0.7814259901065899,0.26342599010658985,0.26342599010658985,1,LightGBM
1H-ZrSe2,NO2,tmd_4b,2D TMDC,GGA-PBE+D3,VASP,-0.609,-0.8470106260752254,0.23801062607522538,0.23801062607522538,1,LightGBM
V2CO2,H2,mxene,MXene,PBE,VASP,-0.09,-0.12182450750811702,0.03182450750811702,0.03182450750811702,2,LightGBM
V2CO2,NH3,mxene,MXene,PBE,VASP,-0.48,-0.4324506359823625,-0.047549364017637485,0.047549364017637485,2,LightGBM
V2CO2,H2O,mxene,MXene,PBE,VASP,-0.45,-0.17591965531786072,-0.27408034468213927,0.27408034468213927,2,LightGBM
V2CO2,CO,mxene,MXene,PBE,VASP,-0.14,-0.12688739514202593,-0.01311260485797408,0.01311260485797408,2,LightGBM
V2CO2,CO2,mxene,MXene,PBE,VASP,-0.36,-0.18057727846156157,-0.1794227215384384,0.1794227215384384,2,LightGBM
V2CO2,N2,mxene,MXene,PBE,VASP,-0.36,-0.14510008434747226,-0.21489991565252772,0.21489991565252772,2,LightGBM
V2CO2,NO,mxene,MXene,PBE,VASP,-0.73,-0.5465091227330433,-0.18349087726695668,0.18349087726695668,2,LightGBM
V2CO2,NO2,mxene,MXene,PBE,VASP,-0.18,-0.21077700463967552,0.03077700463967553,0.03077700463967553,2,LightGBM
V2CO2,H2S,mxene,MXene,PBE,VASP,-0.51,-0.32756611487952453,-0.18243388512047548,0.18243388512047548,2,LightGBM
V2CO2,SO2,mxene,MXene,PBE,VASP,-0.27,-0.23305929176840742,-0.036940708231592595,0.036940708231592595,2,LightGBM
Nb2CO2,H2,mxene,MXene,PBE,VASP,-0.06,-0.12182450750811702,0.06182450750811702,0.06182450750811702,2,LightGBM
Nb2CO2,NH3,mxene,MXene,PBE,VASP,-0.5,-0.5190872921557584,0.01908729215575844,0.01908729215575844,2,LightGBM
Nb2CO2,H2O,mxene,MXene,PBE,VASP,-0.2,-0.17591965531786072,-0.024080344682139293,0.024080344682139293,2,LightGBM
Nb2CO2,CO,mxene,MXene,PBE,VASP,-0.12,-0.12688739514202593,0.006887395142025937,0.006887395142025937,2,LightGBM
Nb2CO2,CO2,mxene,MXene,PBE,VASP,-0.2,-0.18057727846156157,-0.019422721538438437,0.019422721538438437,2,LightGBM
Nb2CO2,N2,mxene,MXene,PBE,VASP,-0.12,-0.14510008434747226,0.025100084347472268,0.025100084347472268,2,LightGBM
Nb2CO2,NO,mxene,MXene,PBE,VASP,-0.21,-0.2805410558527065,0.07054105585270651,0.07054105585270651,2,LightGBM
Nb2CO2,NO2,mxene,MXene,PBE,VASP,-0.18,-0.21077700463967552,0.03077700463967553,0.03077700463967553,2,LightGBM
Nb2CO2,H2S,mxene,MXene,PBE,VASP,-0.24,-0.32756611487952453,0.08756611487952454,0.08756611487952454,2,LightGBM
Nb2CO2,SO2,mxene,MXene,PBE,VASP,-0.29,-0.23305929176840742,-0.05694070823159256,0.05694070823159256,2,LightGBM
Al-doped MoS2,SO2,tmd_doped,TMD,DFT,,-2.33,-1.672735816651616,-0.6572641833483841,0.6572641833483841,2,LightGBM
Zr-MoTe2,CO,tmd_decorated,TMD,GGA-PBE,CASTEP,-0.592,-0.5482444026417328,-0.04375559735826717,0.04375559735826717,2,LightGBM
Zr-MoTe2,CH3CHO,tmd_decorated,TMD,GGA-PBE,CASTEP,-0.439,-0.31902821267760456,-0.11997178732239544,0.11997178732239544,2,LightGBM
Zr-MoTe2,C6H6,tmd_decorated,TMD,GGA-PBE,CASTEP,-0.8,-0.6314178076468316,-0.1685821923531684,0.1685821923531684,2,LightGBM
Si-doped Graphene,SO2,carbon_2d,2D Carbon,GGA-PBE,CASTEP,-0.902,-1.9939900556420507,1.0919900556420505,1.0919900556420505,2,LightGBM
Mn-doped Graphene,SO2,carbon_2d,2D Carbon,GGA-PBE,CASTEP,-1.729,-1.88329267883662,0.1542926788366199,0.1542926788366199,2,LightGBM
B-pattern Graphene (c1),CO,carbon_2d,2D Carbon,GGA-PBE,VASP,-0.028,-0.11059140656114165,0.08259140656114165,0.08259140656114165,2,LightGBM
B-pattern Graphene (c1),NH3,carbon_2d,2D Carbon,GGA-PBE,VASP,-1.021,-0.8951741097685086,-0.12582589023149127,0.12582589023149127,2,LightGBM
Au2-substituted MoS2,H2,tmd_substituted,TMD,GGA-PBE,VASP,-0.22,-0.43331693127764453,0.21331693127764453,0.21331693127764453,2,LightGBM
Au2-substituted MoS2,O2,tmd_substituted,TMD,GGA-PBE,VASP,-0.96,-1.1168562716526176,0.15685627165261762,0.15685627165261762,2,LightGBM
Au2-substituted MoS2,N2,tmd_substituted,TMD,GGA-PBE,VASP,-0.26,-0.3910261036936212,0.13102610369362117,0.13102610369362117,2,LightGBM
Au2-substituted MoS2,CO,tmd_substituted,TMD,GGA-PBE,VASP,-1.08,-0.8254915948795429,-0.25450840512045714,0.25450840512045714,2,LightGBM
Au2-substituted MoS2,NO,tmd_substituted,TMD,GGA-PBE,VASP,-1.11,-1.4909923298636734,0.38099232986367326,0.38099232986367326,2,LightGBM
Few-Layer MoS2,NO2,tmd,2D TMDC,GGA-PBE,VASP,-0.05,-0.4142999680172635,0.3642999680172635,0.3642999680172635,2,LightGBM
Few-Layer MoS2,NO2,tmd,2D TMDC,GGA-PBE,VASP,-0.021,-0.4142999680172635,0.39329996801726347,0.39329996801726347,2,LightGBM
Few-Layer MoS2,NO2,tmd,2D TMDC,GGA-PBE,VASP,-0.027,-0.4142999680172635,0.38729996801726346,0.38729996801726346,2,LightGBM
Ir-modified MoS2,H2S,tmd_decorated,2D TMDC,GGA-PBE,CASTEP,-2.323,-0.9719385300152689,-1.3510614699847312,1.3510614699847312,2,LightGBM
Ir-modified MoS2,SO2,tmd_decorated,2D TMDC,GGA-PBE,CASTEP,-1.757,0.2379296926618231,-1.994929692661823,1.994929692661823,2,LightGBM
Ir-modified MoS2,SOF2,tmd_decorated,2D TMDC,GGA-PBE,CASTEP,-1.492,-0.013262337347673021,-1.478737662652327,1.478737662652327,2,LightGBM
1H-HfSe2,NH3,tmd_4b,2D TMDC,GGA-PBE+D3,VASP,-0.199,-0.31477056589663216,0.11577056589663215,0.11577056589663215,2,LightGBM
1H-HfSe2,NO2,tmd_4b,2D TMDC,GGA-PBE+D3,VASP,-0.399,-0.2758584415417199,-0.12314155845828012,0.12314155845828012,2,LightGBM
1H-HfTe2,NH3,tmd_4b,2D TMDC,GGA-PBE+D3,VASP,-0.208,-0.2299935597952637,0.021993559795263712,0.021993559795263712,2,LightGBM
1H-HfTe2,NO2,tmd_4b,2D TMDC,GGA-PBE+D3,VASP,-0.965,-0.3595981147349287,-0.6054018852650713,0.6054018852650713,2,LightGBM
1H-ZrTe2,NH3,tmd_4b,2D TMDC,GGA-PBE+D3,VASP,-0.208,-0.5530240360797034,0.34502403607970344,0.34502403607970344,2,LightGBM
1H-ZrTe2,NO2,tmd_4b,2D TMDC,GGA-PBE+D3,VASP,-0.942,-0.9923186486789419,0.05031864867894198,0.05031864867894198,2,LightGBM
1T-HfSe2,NH3,tmd_4b,2D TMDC,GGA-PBE+D3,VASP,-0.191,-0.5698460496752531,0.3788460496752531,0.3788460496752531,2,LightGBM
1T-HfSe2,NO2,tmd_4b,2D TMDC,GGA-PBE+D3,VASP,-0.279,-0.42074493604953056,0.14174493604953053,0.14174493604953053,2,LightGBM
Multi-B Graphene (2B-III),NO,carbon_2d,2D Carbon,GGA-PBE,VASP,-0.54,-0.9077055157798546,0.36770551577985455,0.36770551577985455,2,LightGBM
Multi-B Graphene (2B-III),NO2,carbon_2d,2D Carbon,GGA-PBE,VASP,-0.77,-0.9862227559988915,0.2162227559988915,0.2162227559988915,2,LightGBM
Multi-B Graphene (2B-III),NH3,carbon_2d,2D Carbon,GGA-PBE,VASP,-0.06,-0.363099744793177,0.30309974479317703,0.30309974479317703,2,LightGBM
Multi-B Graphene (2B-III),CO,carbon_2d,2D Carbon,GGA-PBE,VASP,-0.14,-0.17949283457826096,0.039492834578260944,0.039492834578260944,2,LightGBM
Multi-B Graphene (2B-III),CO2,carbon_2d,2D Carbon,GGA-PBE,VASP,-0.09,-0.2952124398634015,0.2052124398634015,0.2052124398634015,2,LightGBM
Multi-B Graphene (2B-III),H2O,carbon_2d,2D Carbon,GGA-PBE,VASP,-0.2,-0.1586256483570948,-0.041374351642905205,0.041374351642905205,2,LightGBM
Multi-B Graphene (2B-III),SO2,carbon_2d,2D Carbon,GGA-PBE,VASP,-0.34,-0.3056043259425133,-0.034395674057486725,0.034395674057486725,2,LightGBM
Multi-B Graphene (2B-III),H2,carbon_2d,2D Carbon,GGA-PBE,VASP,-0.08,-0.03019085589553013,-0.04980914410446988,0.04980914410446988,2,LightGBM
Multi-B Graphene (3B-II),NO,carbon_2d,2D Carbon,GGA-PBE,VASP,-0.69,-1.0413931346584842,0.3513931346584842,0.3513931346584842,2,LightGBM
Multi-B Graphene (3B-II),NO2,carbon_2d,2D Carbon,GGA-PBE,VASP,-0.9,-1.1752831545949123,0.27528315459491226,0.27528315459491226,2,LightGBM
Multi-B Graphene (3B-II),NH3,carbon_2d,2D Carbon,GGA-PBE,VASP,-0.08,-0.476406261118077,0.396406261118077,0.396406261118077,2,LightGBM
Multi-B Graphene (3B-II),CO,carbon_2d,2D Carbon,GGA-PBE,VASP,-0.1,-0.23208790803483748,0.13208790803483747,0.13208790803483747,2,LightGBM
Multi-B Graphene (3B-II),CO2,carbon_2d,2D Carbon,GGA-PBE,VASP,-0.17,-0.49064728890025666,0.3206472889002566,0.3206472889002566,2,LightGBM
Multi-B Graphene (3B-II),H2O,carbon_2d,2D Carbon,GGA-PBE,VASP,-0.23,-0.29031946688390525,0.06031946688390524,0.06031946688390524,2,LightGBM
Multi-B Graphene (3B-II),SO2,carbon_2d,2D Carbon,GGA-PBE,VASP,-0.27,-0.4874480350148648,0.21744803501486476,0.21744803501486476,2,LightGBM
Multi-B Graphene (3B-II),H2,carbon_2d,2D Carbon,GGA-PBE,VASP,-0.06,-0.14519275915722019,0.08519275915722019,0.08519275915722019,2,LightGBM
Graphene,CO,carbon_2d,2D Carbon,LDA (CA-PZ),CASTEP,-0.12,-0.09608697656860084,-0.023913023431399158,0.023913023431399158,3,LightGBM
Graphene,NO,carbon_2d,2D Carbon,LDA (CA-PZ),CASTEP,-0.3,-0.604483791197652,0.30448379119765207,0.30448379119765207,3,LightGBM
Graphene,NO2,carbon_2d,2D Carbon,LDA (CA-PZ),CASTEP,-0.48,-0.8664162618421875,0.38641626184218747,0.38641626184218747,3,LightGBM
Graphene,NH3,carbon_2d,2D Carbon,LDA (CA-PZ),CASTEP,-0.11,0.36759188384764596,-0.47759188384764595,0.47759188384764595,3,LightGBM
N-doped Graphene,CO,carbon_2d,2D Carbon,LDA (CA-PZ),CASTEP,-0.14,-1.0060980868509577,0.8660980868509577,0.8660980868509577,3,LightGBM
N-doped Graphene,NO,carbon_2d,2D Carbon,LDA (CA-PZ),CASTEP,-0.4,-1.6134194962888901,1.21341949628889,1.21341949628889,3,LightGBM
N-doped Graphene,NO2,carbon_2d,2D Carbon,LDA (CA-PZ),CASTEP,-0.98,-3.0092654294767747,2.0292654294767747,2.0292654294767747,3,LightGBM
N-doped Graphene,NH3,carbon_2d,2D Carbon,LDA (CA-PZ),CASTEP,-0.12,-0.34823480991736766,0.22823480991736766,0.22823480991736766,3,LightGBM
Graphene,H2O,carbon_2d,2D Carbon,PBE,Abinit,0.0184,0.1511514051959245,-0.1327514051959245,0.1327514051959245,3,LightGBM
Graphene,H2O,carbon_2d,2D Carbon,PBE,Abinit,0.0187,0.1511514051959245,-0.1324514051959245,0.1324514051959245,3,LightGBM
Graphene,H2O,carbon_2d,2D Carbon,PBE,Abinit,0.0203,0.1511514051959245,-0.13085140519592448,0.13085140519592448,3,LightGBM
Graphene,H2O,carbon_2d,2D Carbon,PBE,Abinit,0.0238,0.03215150035389938,-0.00835150035389938,0.00835150035389938,3,LightGBM
Graphene,H2O,carbon_2d,2D Carbon,PBE,Abinit,0.0237,0.03215150035389938,-0.008451500353899383,0.008451500353899383,3,LightGBM
Graphene,H2O,carbon_2d,2D Carbon,PBE,Abinit,0.0265,0.03215150035389938,-0.005651500353899382,0.005651500353899382,3,LightGBM
Graphene,H2O,carbon_2d,2D Carbon,PBE,Abinit,0.0178,-0.06614185146396787,0.08394185146396786,0.08394185146396786,3,LightGBM
Graphene,H2O,carbon_2d,2D Carbon,PBE,Abinit,0.0185,-0.06614185146396787,0.08464185146396787,0.08464185146396787,3,LightGBM
Graphene,H2O,carbon_2d,2D Carbon,PBE,Abinit,0.0194,-0.06614185146396787,0.08554185146396787,0.08554185146396787,3,LightGBM
Graphene,H2O,carbon_2d,2D Carbon,PBE,Abinit,0.047,-0.12718615604842876,0.17418615604842874,0.17418615604842874,3,LightGBM
Graphene,NH3,carbon_2d,2D Carbon,PBE,Abinit,0.0211,0.1974542037629581,-0.1763542037629581,0.1763542037629581,3,LightGBM
Graphene,NH3,carbon_2d,2D Carbon,PBE,Abinit,0.0201,0.1974542037629581,-0.1773542037629581,0.1773542037629581,3,LightGBM
Graphene,NH3,carbon_2d,2D Carbon,PBE,Abinit,0.0308,0.1974542037629581,-0.16665420376295811,0.16665420376295811,3,LightGBM
Graphene,NH3,carbon_2d,2D Carbon,PBE,Abinit,0.0147,-0.05722197811765901,0.071921978117659,0.071921978117659,3,LightGBM
Graphene,NH3,carbon_2d,2D Carbon,PBE,Abinit,0.0156,-0.05722197811765901,0.072821978117659,0.072821978117659,3,LightGBM
Graphene,NH3,carbon_2d,2D Carbon,PBE,Abinit,0.0247,-0.05722197811765901,0.081921978117659,0.081921978117659,3,LightGBM
Graphene,CO,carbon_2d,2D Carbon,PBE,Abinit,0.01,-0.2968302300255578,0.3068302300255578,0.3068302300255578,3,LightGBM
Graphene,CO,carbon_2d,2D Carbon,PBE,Abinit,0.0096,-0.2968302300255578,0.3064302300255578,0.3064302300255578,3,LightGBM
Graphene,CO,carbon_2d,2D Carbon,PBE,Abinit,0.0131,-0.2968302300255578,0.3099302300255578,0.3099302300255578,3,LightGBM
Graphene,CO,carbon_2d,2D Carbon,PBE,Abinit,0.0084,-0.2049450968879088,0.21334509688790879,0.21334509688790879,3,LightGBM
Graphene,CO,carbon_2d,2D Carbon,PBE,Abinit,0.0096,-0.14628253566116645,0.15588253566116644,0.15588253566116644,3,LightGBM
Graphene,CO,carbon_2d,2D Carbon,PBE,Abinit,0.014,-0.17045300511682365,0.18445300511682367,0.18445300511682367,3,LightGBM
Graphene,CO,carbon_2d,2D Carbon,PBE,Abinit,0.0141,-0.17045300511682365,0.18455300511682365,0.18455300511682365,3,LightGBM
Graphene,NO2,carbon_2d,2D Carbon,PBE,Abinit,0.0674,-0.7953938970137205,0.8627938970137206,0.8627938970137206,3,LightGBM
Graphene,NO2,carbon_2d,2D Carbon,PBE,Abinit,0.0653,-0.7953938970137205,0.8606938970137206,0.8606938970137206,3,LightGBM
Graphene,NO2,carbon_2d,2D Carbon,PBE,Abinit,0.0626,-0.7953938970137205,0.8579938970137205,0.8579938970137205,3,LightGBM
Graphene,NO2,carbon_2d,2D Carbon,PBE,Abinit,0.0547,-0.7953938970137205,0.8500938970137205,0.8500938970137205,3,LightGBM
Graphene,NO2,carbon_2d,2D Carbon,PBE,Abinit,0.0545,-0.7953938970137205,0.8498938970137205,0.8498938970137205,3,LightGBM
Graphene,NO2,carbon_2d,2D Carbon,PBE,Abinit,0.0667,-0.7935218083919773,0.8602218083919773,0.8602218083919773,3,LightGBM
Graphene,NO,carbon_2d,2D Carbon,PBE,Abinit,0.0157,-0.6491876311097,0.6648876311097001,0.6648876311097001,3,LightGBM
Graphene,NO,carbon_2d,2D Carbon,PBE,Abinit,0.014,-0.6491876311097,0.6631876311097,0.6631876311097,3,LightGBM
Graphene,NO,carbon_2d,2D Carbon,PBE,Abinit,0.0126,-0.6491876311097,0.6617876311097,0.6617876311097,3,LightGBM
Graphene,NO,carbon_2d,2D Carbon,PBE,Abinit,0.0106,-0.6491876311097,0.6597876311097001,0.6597876311097001,3,LightGBM
Graphene,NO,carbon_2d,2D Carbon,PBE,Abinit,0.0279,-0.5297735149592498,0.5576735149592499,0.5576735149592499,3,LightGBM
Graphene,NO,carbon_2d,2D Carbon,PBE,Abinit,0.0285,-0.5916666524571129,0.6201666524571129,0.6201666524571129,3,LightGBM
MoS2,CO,tmd,TMD,PBE,VASP,-0.003,-0.13883531873622468,0.13583531873622468,0.13583531873622468,3,LightGBM
MoS2,CO,tmd,TMD,DFT-D2,VASP,-0.073,-0.1638548862516866,0.0908548862516866,0.0908548862516866,3,LightGBM
MoS2,CO,tmd,TMD,optPBE-vdw,VASP,-0.163,-0.1638548862516866,0.0008548862516865874,0.0008548862516865874,3,LightGBM
MoS2,CO,tmd,TMD,revPBE-vdw,VASP,-0.143,-0.1638548862516866,0.020854886251686605,0.020854886251686605,3,LightGBM
MoS2,CO2,tmd,TMD,PBE,VASP,-0.004,0.03815420274077003,-0.04215420274077003,0.04215420274077003,3,LightGBM
MoS2,CO2,tmd,TMD,DFT-D2,VASP,-0.139,0.023513534893272542,-0.16251353489327255,0.16251353489327255,3,LightGBM
MoS2,CO2,tmd,TMD,optPBE-vdw,VASP,-0.253,0.023513534893272542,-0.2765135348932726,0.2765135348932726,3,LightGBM
MoS2,CO2,tmd,TMD,revPBE-vdw,VASP,-0.21,0.023513534893272542,-0.23351353489327253,0.23351353489327253,3,LightGBM
MoS2,NH3,tmd,TMD,PBE,VASP,-0.009,-0.14922262320759427,0.14022262320759427,0.14022262320759427,3,LightGBM
MoS2,NH3,tmd,TMD,DFT-D2,VASP,-0.127,-0.2420985096911689,0.11509850969116889,0.11509850969116889,3,LightGBM
MoS2,NH3,tmd,TMD,optPBE-vdw,VASP,-0.176,-0.2420985096911689,0.0660985096911689,0.0660985096911689,3,LightGBM
MoS2,NH3,tmd,TMD,revPBE-vdw,VASP,-0.13,-0.2420985096911689,0.11209850969116888,0.11209850969116888,3,LightGBM
MoS2,NO,tmd,TMD,PBE,VASP,-0.066,0.023296752971419588,-0.08929675297141959,0.08929675297141959,3,LightGBM
MoS2,NO,tmd,TMD,DFT-D2,VASP,-0.153,-0.06957913351215513,-0.08342086648784487,0.08342086648784487,3,LightGBM
MoS2,NO,tmd,TMD,optPBE-vdw,VASP,-0.254,-0.06957913351215513,-0.1844208664878449,0.1844208664878449,3,LightGBM
MoS2,NO,tmd,TMD,revPBE-vdw,VASP,-0.239,-0.06957913351215513,-0.16942086648784488,0.16942086648784488,3,LightGBM
MoS2,NO2,tmd,TMD,PBE,VASP,-0.036,-0.22642319560603708,0.19042319560603707,0.19042319560603707,3,LightGBM
MoS2,NO2,tmd,TMD,DFT-D2,VASP,-0.138,-0.3026704247007786,0.16467042470077858,0.16467042470077858,3,LightGBM
MoS2,NO2,tmd,TMD,optPBE-vdw,VASP,-0.287,-0.3026704247007786,0.015670424700778618,0.015670424700778618,3,LightGBM
MoS2,NO2,tmd,TMD,revPBE-vdw,VASP,-0.241,-0.3026704247007786,0.0616704247007786,0.0616704247007786,3,LightGBM
MoS2,H2,tmd,TMD,LSDA,VASP,-0.082,-0.038993097954092386,-0.04300690204590762,0.04300690204590762,3,LightGBM
MoS2,O2,tmd,TMD,LSDA,VASP,-0.116,-0.08977471771319447,-0.02622528228680554,0.02622528228680554,3,LightGBM
MoS2,H2O,tmd,TMD,LSDA,VASP,-0.234,-0.12775825777701263,-0.10624174222298738,0.10624174222298738,3,LightGBM
MoS2,NH3,tmd,TMD,LSDA,VASP,-0.25,-0.4177226365907342,0.16772263659073422,0.16772263659073422,3,LightGBM
MoS2,NO,tmd,TMD,LSDA,VASP,-0.211,-0.05989048106057133,-0.15110951893942867,0.15110951893942867,3,LightGBM
MoS2,NO2,tmd,TMD,LSDA,VASP,-0.276,-0.49424183250518594,0.21824183250518592,0.21824183250518592,3,LightGBM
MoS2,CO,tmd,TMD,LSDA,VASP,-0.128,-0.24971628914497743,0.12171628914497742,0.12171628914497742,3,LightGBM
MoS2,NO,tmd,TMD,,,-0.18,0.033351340980539934,-0.21335134098053993,0.21335134098053993,3,LightGBM
MoS2,NO2,tmd,TMD,,,-0.233,0.05020182105894543,-0.2832018210589454,0.2832018210589454,3,LightGBM
WS2,NO,tmd,TMD,,,-0.165,0.033351340980539934,-0.19835134098053994,0.19835134098053994,3,LightGBM
WS2,NO2,tmd,TMD,,,-0.201,0.05020182105894543,-0.25120182105894545,0.25120182105894545,3,LightGBM
Ti3C2O2,CO,mxene,MXene,,,-0.096,-0.20698161743020158,0.11098161743020157,0.11098161743020157,3,LightGBM
Ti3C2O2,NH3,mxene,MXene,,,-0.344,-0.28544335723467096,-0.058556642765329014,0.058556642765329014,3,LightGBM
Ti3C2O2,NO,mxene,MXene,,,-0.349,-0.20548357115267707,-0.1435164288473229,0.1435164288473229,3,LightGBM
Ti3C2O2,NH3,mxene,MXene,,,-0.551,-0.28544335723467096,-0.2655566427653291,0.2655566427653291,3,LightGBM
Ti3C2O2,NO,mxene,MXene,,,-0.403,-0.20548357115267707,-0.19751642884732296,0.19751642884732296,3,LightGBM
SnO2,NH3,metal_oxide,Metal Oxide,r-PBE,VASP,-1.14,-0.3548364021765313,-0.7851635978234686,0.7851635978234686,3,LightGBM
SnO2,NH3,metal_oxide,Metal Oxide,r-PBE,VASP,-0.73,-0.3548364021765313,-0.3751635978234687,0.3751635978234687,3,LightGBM
SnO2,NH3,metal_oxide,Metal Oxide,r-PBE,VASP,-1.58,-0.3548364021765313,-1.2251635978234687,1.2251635978234687,3,LightGBM
SnO2,NH3,metal_oxide,Metal Oxide,DFT-GGA,,-1.29,-0.3548364021765313,-0.9351635978234687,0.9351635978234687,3,LightGBM
SnO2,NH3,metal_oxide,Metal Oxide,DFT-GGA,,-1.85,-0.3548364021765313,-1.4951635978234687,1.4951635978234687,3,LightGBM
SnO2,NH3,metal_oxide,Metal Oxide,DFT-GGA,,-0.81,-0.3548364021765313,-0.45516359782346877,0.45516359782346877,3,LightGBM
SnO2,NH3,metal_oxide,Metal Oxide,DFT-GGA,,-1.32,-0.3548364021765313,-0.9651635978234687,0.9651635978234687,3,LightGBM
SnO2,NH3,metal_oxide,Metal Oxide,DFT-GGA,,-1.92,-0.3548364021765313,-1.5651635978234686,1.5651635978234686,3,LightGBM
SnO2,NH3,metal_oxide,Metal Oxide,DFT-GGA,,-2.48,-0.3548364021765313,-2.1251635978234686,2.1251635978234686,3,LightGBM
SnO2,NO,metal_oxide,Metal Oxide,GGA,SIESTA,-1.2,-0.20117407526896922,-0.9988259247310307,0.9988259247310307,3,LightGBM
SnO2,NO2,metal_oxide,Metal Oxide,,,-0.004,0.0009785629366447755,-0.004978562936644775,0.004978562936644775,3,LightGBM
SnO2,NO2,metal_oxide,Metal Oxide,,,-0.24,-0.008673925702918452,-0.23132607429708155,0.23132607429708155,3,LightGBM
MoS2,NO,tmd,TMD,,,-0.54,-0.3962434351615566,-0.14375656483844346,0.14375656483844346,3,LightGBM
MoS2,NO2,tmd,TMD,,,-0.94,0.37917950244387194,-1.319179502443872,1.319179502443872,3,LightGBM
MoS2,CO,tmd,TMD,,,-0.42,-0.19333383310052313,-0.22666616689947686,0.22666616689947686,3,LightGBM
MoS2,CO2,tmd,TMD,,,-0.45,0.1275515693406014,-0.5775515693406015,0.5775515693406015,3,LightGBM
MoS2,NH3,tmd,TMD,,,-0.49,-0.08101743587944482,-0.40898256412055517,0.40898256412055517,3,LightGBM
MoS2,NO,tmd,TMD,,,-0.72,-1.3517079926471862,0.6317079926471862,0.6317079926471862,3,LightGBM
MoS2,NO2,tmd,TMD,,,-0.91,0.20508615988123247,-1.1150861598812325,1.1150861598812325,3,LightGBM
MoS2,CO,tmd,TMD,,,-0.43,-0.19469040199331314,-0.23530959800668685,0.23530959800668685,3,LightGBM
MoS2,CO2,tmd,TMD,,,-0.47,0.1218181004884058,-0.5918181004884058,0.5918181004884058,3,LightGBM
MoS2,NH3,tmd,TMD,,,-0.55,-0.10081435975057695,-0.4491856402494231,0.4491856402494231,3,LightGBM
MoS2,NO2,tmd,TMD,HSE06,,-0.14,-0.21782617456499204,0.07782617456499202,0.07782617456499202,3,LightGBM
MoS2,NH3,tmd,TMD,HSE06,,-0.16,-0.2420985096911689,0.08209850969116889,0.08209850969116889,3,LightGBM
MoS2,H2,tmd,TMD,GGA-PBE,CASTEP,-0.05927,0.05599747832980623,-0.11526747832980623,0.11526747832980623,3,LightGBM
MoS2,N2,tmd,TMD,GGA-PBE,CASTEP,-0.10482,0.5179998193960259,-0.6228198193960259,0.6228198193960259,3,LightGBM
MoS2,CO,tmd,TMD,GGA-PBE,CASTEP,-0.12183,-0.049391623741258245,-0.07243837625874175,0.07243837625874175,3,LightGBM
MoS2,CO2,tmd,TMD,GGA-PBE,CASTEP,-0.16891,0.3719161379248374,-0.5408261379248374,0.5408261379248374,3,LightGBM
MoS2,CH4,tmd,TMD,GGA-PBE,CASTEP,-0.1711,-0.16994844324046676,-0.0011515567595332399,0.0011515567595332399,3,LightGBM
MoS2,H2O,tmd,TMD,GGA-PBE,CASTEP,-0.16602,0.1974964075798132,-0.3635164075798132,0.3635164075798132,3,LightGBM
MoS2,NH3,tmd,TMD,GGA-PBE,CASTEP,-0.1776,0.17376877578680078,-0.3513687757868008,0.3513687757868008,3,LightGBM
MoS2,NO,tmd,TMD,GGA-PBE,CASTEP,-0.21875,0.16333938111858587,-0.38208938111858587,0.38208938111858587,3,LightGBM
MoS2,NO2,tmd,TMD,GGA-PBE,CASTEP,-0.28799,0.056740625120536715,-0.34473062512053676,0.34473062512053676,3,LightGBM
MoS2,NH3,tmd,TMD,GGA-PBE,CASTEP,-0.17119,0.1343658061480038,-0.3055558061480038,0.3055558061480038,3,LightGBM
MoS2,NH3,tmd,TMD,GGA-PBE,CASTEP,-0.16164,0.1343658061480038,-0.2960058061480038,0.2960058061480038,3,LightGBM
MoS2,NO2,tmd,TMD,GGA-PBE,CASTEP,-1.02272,0.12154600279515572,-1.144266002795156,1.144266002795156,3,LightGBM
MoS2,NO2,tmd,TMD,GGA-PBE,CASTEP,-0.28291,0.12154600279515572,-0.4044560027951557,0.4044560027951557,3,LightGBM
MoS2,NO,tmd,TMD,GGA-PBE,CASTEP,-1.26054,-0.16901818593187898,-1.091521814068121,1.091521814068121,3,LightGBM
MoS2,NO,tmd,TMD,GGA-PBE,CASTEP,-3.0592,-0.16901818593187898,-2.890181814068121,2.890181814068121,3,LightGBM
MoS2,NH3,tmd,TMD,GGA-PBE,CASTEP,-0.20828,0.2864293745317101,-0.49470937453171004,0.49470937453171004,3,LightGBM
MoS2,NH3,tmd,TMD,GGA-PBE,CASTEP,-0.241,0.2864293745317101,-0.52742937453171,0.52742937453171,3,LightGBM
MoS2,NH3,tmd,TMD,GGA-PBE,CASTEP,-0.25679,0.2864293745317101,-0.5432193745317101,0.5432193745317101,3,LightGBM
MoS2,NO2,tmd,TMD,GGA-PBE,CASTEP,-0.31376,0.5254314334619423,-0.8391914334619424,0.8391914334619424,3,LightGBM
MoS2,NO2,tmd,TMD,GGA-PBE,CASTEP,-0.32481,0.5254314334619423,-0.8502414334619424,0.8502414334619424,3,LightGBM
MoS2,NO2,tmd,TMD,GGA-PBE,CASTEP,-0.34074,0.5254314334619423,-0.8661714334619424,0.8661714334619424,3,LightGBM
MoS2,NO,tmd,TMD,GGA-PBE,CASTEP,-0.22992,0.24672156780301888,-0.4766415678030189,0.4766415678030189,3,LightGBM
MoS2,NO,tmd,TMD,GGA-PBE,CASTEP,-0.25684,0.24672156780301888,-0.5035615678030189,0.5035615678030189,3,LightGBM
MoS2,NO,tmd,TMD,GGA-PBE,CASTEP,-0.27902,0.24672156780301888,-0.5257415678030188,0.5257415678030188,3,LightGBM
WS2,H2,tmd,TMD,LDA,VASP,-0.068,0.02809635469607253,-0.09609635469607253,0.09609635469607253,3,LightGBM
WS2,H2,tmd,TMD,LDA,VASP,-0.075,0.02809635469607253,-0.10309635469607253,0.10309635469607253,3,LightGBM
WS2,H2,tmd,TMD,LDA,VASP,-0.037,0.02809635469607253,-0.06509635469607253,0.06509635469607253,3,LightGBM
WS2,O2,tmd,TMD,LDA,VASP,-0.184,-0.31610367333216177,0.13210367333216178,0.13210367333216178,3,LightGBM
WS2,O2,tmd,TMD,LDA,VASP,-0.213,-0.4019981946107905,0.1889981946107905,0.1889981946107905,3,LightGBM
WS2,O2,tmd,TMD,LDA,VASP,-0.119,-0.3010210081293013,0.18202100812930133,0.18202100812930133,3,LightGBM
WS2,H2O,tmd,TMD,LDA,VASP,-0.229,-0.17922737440014191,-0.049772625599858095,0.049772625599858095,3,LightGBM
WS2,H2O,tmd,TMD,LDA,VASP,-0.218,-0.17619604678834344,-0.04180395321165656,0.04180395321165656,3,LightGBM
WS2,H2O,tmd,TMD,LDA,VASP,-0.108,-0.13916120883749106,0.03116120883749106,0.03116120883749106,3,LightGBM
WS2,NH3,tmd,TMD,LDA,VASP,-0.216,-0.3829290917997563,0.16692909179975632,0.16692909179975632,3,LightGBM
WS2,NH3,tmd,TMD,LDA,VASP,-0.201,-0.29644137734576953,0.09544137734576952,0.09544137734576952,3,LightGBM
WS2,NH3,tmd,TMD,LDA,VASP,-0.062,-0.2627732308860181,0.20077323088601812,0.20077323088601812,3,LightGBM
WS2,NO,tmd,TMD,LDA,VASP,-0.129,-0.01812854535932602,-0.11087145464067398,0.11087145464067398,3,LightGBM
WS2,NO,tmd,TMD,LDA,VASP,-0.206,-0.01812854535932602,-0.18787145464067398,0.18787145464067398,3,LightGBM
WS2,NO,tmd,TMD,LDA,VASP,-0.099,0.014439276577163044,-0.11343927657716305,0.11343927657716305,3,LightGBM
WS2,NO,tmd,TMD,LDA,VASP,-0.215,-0.01812854535932602,-0.196871454640674,0.196871454640674,3,LightGBM
WS2,NO2,tmd,TMD,LDA,VASP,-0.412,-0.13523641739053482,-0.27676358260946515,0.27676358260946515,3,LightGBM
WS2,NO2,tmd,TMD,LDA,VASP,-0.354,-0.13523641739053482,-0.21876358260946516,0.21876358260946516,3,LightGBM
WS2,NO2,tmd,TMD,LDA,VASP,-0.333,-0.13523641739053482,-0.1977635826094652,0.1977635826094652,3,LightGBM
WS2,CO,tmd,TMD,LDA,VASP,-0.127,-0.1830819230725915,0.056081923072591494,0.056081923072591494,3,LightGBM
WS2,CO,tmd,TMD,LDA,VASP,-0.111,-0.1830819230725915,0.0720819230725915,0.0720819230725915,3,LightGBM
WS2,CO,tmd,TMD,LDA,VASP,-0.031,-0.1830819230725915,0.1520819230725915,0.1520819230725915,3,LightGBM
WS2,CO,tmd,TMD,LDA,VASP,-0.075,-0.1830819230725915,0.1080819230725915,0.1080819230725915,3,LightGBM
Graphene,SO2,carbon_2d,2D Carbon,GGA-PBE,DMol3,-0.32,-0.5931127159591123,0.2731127159591123,0.2731127159591123,3,LightGBM
N-doped Graphene,SO2,carbon_2d,2D Carbon,GGA-PBE,DMol3,-0.48,-2.8168274949104006,2.3368274949104006,2.3368274949104006,3,LightGBM
W-MoTe2,CO,tmd_decorated,TMD,GGA-PBE,CASTEP,-0.515,-0.23774521902387646,-0.27725478097612355,0.27725478097612355,3,LightGBM
W-MoTe2,CH3CHO,tmd_decorated,TMD,GGA-PBE,CASTEP,-0.386,-0.3332223641267214,-0.052777635873278606,0.052777635873278606,3,LightGBM
W-MoTe2,C6H6,tmd_decorated,TMD,GGA-PBE,CASTEP,-0.618,-0.6492209665790627,0.031220966579062703,0.031220966579062703,3,LightGBM
Co@Graphene,O2,carbon_2d,2D Carbon,GGA-PBE,VASP,-3.63,-2.889301525824874,-0.7406984741751259,0.7406984741751259,3,LightGBM
Co@Graphene,H2O,carbon_2d,2D Carbon,GGA-PBE,VASP,-0.8,-1.4321899044414694,0.6321899044414694,0.6321899044414694,3,LightGBM
Co@Graphene,NO,carbon_2d,2D Carbon,GGA-PBE,VASP,-4.41,-2.4215490441302077,-1.9884509558697925,1.9884509558697925,3,LightGBM
Co@Graphene,NO2,carbon_2d,2D Carbon,GGA-PBE,VASP,-3.15,-2.59332729564696,-0.5566727043530397,0.5566727043530397,3,LightGBM
Co@Graphene,CO,carbon_2d,2D Carbon,GGA-PBE,VASP,-2.46,-1.6226745845694006,-0.8373254154305994,0.8373254154305994,3,LightGBM
Co@Graphene,NH3,carbon_2d,2D Carbon,GGA-PBE,VASP,-0.98,-1.5153722570260046,0.5353722570260047,0.5353722570260047,3,LightGBM
Graphene,SO2,carbon_2d,2D Carbon,GGA-PBE,CASTEP,-0.012,-0.2897870362485206,0.2777870362485206,0.2777870362485206,3,LightGBM
N-doped Graphene,SO2,carbon_2d,2D Carbon,GGA-PBE,CASTEP,-0.172,-2.4316729913947857,2.2596729913947855,2.2596729913947855,3,LightGBM
Al-doped Graphene,SO2,carbon_2d,2D Carbon,GGA-PBE,CASTEP,-1.262,-1.7368479947267852,0.4748479947267852,0.4748479947267852,3,LightGBM
Cr-doped Graphene,SO2,carbon_2d,2D Carbon,GGA-PBE,CASTEP,-1.675,-1.6809698322657556,0.005969832265755537,0.005969832265755537,3,LightGBM
Graphene,CO,carbon_2d,2D Carbon,GGA-PBE,VASP,-0.08,-0.0847162803392629,0.004716280339262899,0.004716280339262899,3,LightGBM
Graphene,NO2,carbon_2d,2D Carbon,GGA-PBE,VASP,-0.24,-0.6832501003023,0.44325010030230005,0.44325010030230005,3,LightGBM
B-doped Graphene (1B),CO,carbon_2d,2D Carbon,GGA-PBE,VASP,-0.105,-0.060545810883605715,-0.04445418911639428,0.04445418911639428,3,LightGBM
B-doped Graphene (1B),NH3,carbon_2d,2D Carbon,GGA-PBE,VASP,-0.259,-0.12574139672399975,-0.13325860327600025,0.13325860327600025,3,LightGBM
Au-substituted MoS2,H2,tmd_substituted,TMD,GGA-PBE,VASP,-0.23,-0.3874469531854407,0.1574469531854407,0.1574469531854407,3,LightGBM
Au-substituted MoS2,O2,tmd_substituted,TMD,GGA-PBE,VASP,-0.51,-1.1705226644468039,0.6605226644468039,0.6605226644468039,3,LightGBM
Au-substituted MoS2,N2,tmd_substituted,TMD,GGA-PBE,VASP,-0.29,-0.34790189721965675,0.05790189721965677,0.05790189721965677,3,LightGBM
Au-substituted MoS2,CO,tmd_substituted,TMD,GGA-PBE,VASP,-0.13,-0.8839531683280146,0.7539531683280146,0.7539531683280146,3,LightGBM
Au-substituted MoS2,NO,tmd_substituted,TMD,GGA-PBE,VASP,-0.11,-1.12234144997447,1.0123414499744698,1.0123414499744698,3,LightGBM
Ag2-substituted MoS2,H2,tmd_substituted,TMD,GGA-PBE,VASP,-0.23,-0.3277687840146802,0.09776878401468017,0.09776878401468017,3,LightGBM
Ag2-substituted MoS2,O2,tmd_substituted,TMD,GGA-PBE,VASP,-0.97,-1.1705226644468039,0.2005226644468039,0.2005226644468039,3,LightGBM
Ag2-substituted MoS2,N2,tmd_substituted,TMD,GGA-PBE,VASP,-0.32,-0.34790189721965675,0.027901897219656746,0.027901897219656746,3,LightGBM
Ag2-substituted MoS2,CO,tmd_substituted,TMD,GGA-PBE,VASP,-0.8,-0.9067348339165726,0.10673483391657257,0.10673483391657257,3,LightGBM
Ag2-substituted MoS2,NO,tmd_substituted,TMD,GGA-PBE,VASP,-0.93,-1.12234144997447,0.1923414499744699,0.1923414499744699,3,LightGBM
Fe-embedded Graphene,O2,carbon_2d,2D Carbon,GGA-PBE,VASP,-2.05,-1.5874486959518457,-0.46255130404815414,0.46255130404815414,3,LightGBM
Zn-embedded Graphene,O2,carbon_2d,2D Carbon,GGA-PBE,VASP,-0.71,-1.582104442410616,0.8721044424106161,0.8721044424106161,3,LightGBM
Fe-embedded Graphene,CO,carbon_2d,2D Carbon,GGA-PBE,VASP,-1.23,-0.9850689927032923,-0.2449310072967077,0.2449310072967077,3,LightGBM
Zn-embedded Graphene,CO,carbon_2d,2D Carbon,GGA-PBE,VASP,-0.94,-0.9857212897077833,0.04572128970778333,0.04572128970778333,3,LightGBM
Fe-embedded Graphene,NO,carbon_2d,2D Carbon,GGA-PBE,VASP,-1.3,-1.3133608202066318,0.013360820206631763,0.013360820206631763,3,LightGBM
Zn-embedded Graphene,NO,carbon_2d,2D Carbon,GGA-PBE,VASP,-0.69,-1.1896909732091085,0.4996909732091086,0.4996909732091086,3,LightGBM
Graphene,SO2,carbon_2d,2D Carbon,B3LYP/6-31G(d),Gaussian,-0.26,-0.4598667118679187,0.1998667118679187,0.1998667118679187,3,LightGBM
Al-doped Graphene,SO2,carbon_2d,2D Carbon,B3LYP/6-31G(d),Gaussian,-0.55,-2.0072233450888173,1.4572233450888172,1.4572233450888172,3,LightGBM
1T-ZrS2,NH3,tmd_4b,2D TMDC,GGA-PBE+D3,VASP,-0.587,-0.6510157637042651,0.0640157637042651,0.0640157637042651,3,LightGBM
1T-ZrS2,NO2,tmd_4b,2D TMDC,GGA-PBE+D3,VASP,-0.214,-0.3798892163172783,0.1658892163172783,0.1658892163172783,3,LightGBM
Ti2CO2,H2,mxene,MXene,PBE,VASP,-0.07,-0.08875047891996045,0.018750478919960442,0.018750478919960442,4,LightGBM
Ti2CO2,NH3,mxene,MXene,PBE,VASP,-0.37,-0.5538906178863295,0.18389061788632954,0.18389061788632954,4,LightGBM
Ti2CO2,H2O,mxene,MXene,PBE,VASP,-0.21,-0.25977158108660503,0.04977158108660504,0.04977158108660504,4,LightGBM
Ti2CO2,CO,mxene,MXene,PBE,VASP,-0.13,-0.1738609061508936,0.04386090615089361,0.04386090615089361,4,LightGBM
Ti2CO2,CO2,mxene,MXene,PBE,VASP,-0.2,-0.19283365685008594,-0.007166343149914073,0.007166343149914073,4,LightGBM
Ti2CO2,N2,mxene,MXene,PBE,VASP,-0.13,-0.20697931399697342,0.07697931399697341,0.07697931399697341,4,LightGBM
Ti2CO2,NO,mxene,MXene,PBE,VASP,-0.25,-0.40490475419033445,0.15490475419033445,0.15490475419033445,4,LightGBM
Ti2CO2,NO2,mxene,MXene,PBE,VASP,-0.17,-0.25548220759289847,0.08548220759289846,0.08548220759289846,4,LightGBM
Ti2CO2,H2S,mxene,MXene,PBE,VASP,-0.24,-0.3612395344066013,0.12123953440660129,0.12123953440660129,4,LightGBM
Ti2CO2,SO2,mxene,MXene,PBE,VASP,-0.26,-0.2089723948768897,-0.0510276051231103,0.0510276051231103,4,LightGBM
V-MoTe2,CO,tmd_decorated,TMD,GGA-PBE,CASTEP,-1.221,-1.2321388019201047,0.011138801920104635,0.011138801920104635,4,LightGBM
V-MoTe2,CH3CHO,tmd_decorated,TMD,GGA-PBE,CASTEP,-0.405,-0.4268670717869487,0.02186707178694869,0.02186707178694869,4,LightGBM
V-MoTe2,C6H6,tmd_decorated,TMD,GGA-PBE,CASTEP,-0.711,-1.1345690541252151,0.42356905412521517,0.42356905412521517,4,LightGBM
Pd-doped Graphene,SO2,carbon_2d,2D Carbon,GGA-PBE,CASTEP,-5.779,-2.5434795374027583,-3.2355204625972416,3.2355204625972416,4,LightGBM
Pd-doped Graphene,CO,carbon_2d,2D Carbon,GGA-PBE,VASP,-1.05,-2.306465461612577,1.2564654616125768,1.2564654616125768,4,LightGBM
Pd-doped Graphene,NO2,carbon_2d,2D Carbon,GGA-PBE,VASP,-2.17,-0.9185435477296561,-1.251456452270344,1.251456452270344,4,LightGBM
Janus MoSSe,O2,tmd_janus,TMD,GGA-PBE,VASP,-0.104,-0.09531259768528676,-0.008687402314713238,0.008687402314713238,4,LightGBM
Janus MoSSe,O2,tmd_janus,TMD,GGA-PBE,VASP,-0.101,-0.11724275335534887,0.01624275335534886,0.01624275335534886,4,LightGBM
Janus MoSSe,NO2,tmd_janus,TMD,GGA-PBE,VASP,-0.245,-0.19873863528226446,-0.04626136471773554,0.04626136471773554,4,LightGBM
Janus MoSSe,NO2,tmd_janus,TMD,GGA-PBE,VASP,-0.216,-0.27877073066782126,0.06277073066782127,0.06277073066782127,4,LightGBM
Co-embedded Graphene,O2,carbon_2d,2D Carbon,GGA-PBE,VASP,-1.74,-1.5780225061793636,-0.16197749382063642,0.16197749382063642,4,LightGBM
Cu-embedded Graphene,O2,carbon_2d,2D Carbon,GGA-PBE,VASP,-1.3,-1.5298968777058264,0.22989687770582634,0.22989687770582634,4,LightGBM
Co-embedded Graphene,CO,carbon_2d,2D Carbon,GGA-PBE,VASP,-1.1,-1.0982450041554306,-0.0017549958445695069,0.0017549958445695069,4,LightGBM
Cu-embedded Graphene,CO,carbon_2d,2D Carbon,GGA-PBE,VASP,-1.13,-1.0982450041554306,-0.03175499584456931,0.03175499584456931,4,LightGBM
Co-embedded Graphene,NO,carbon_2d,2D Carbon,GGA-PBE,VASP,-1.18,-1.2765258879816368,0.09652588798163686,0.09652588798163686,4,LightGBM
Cu-embedded Graphene,NO,carbon_2d,2D Carbon,GGA-PBE,VASP,-1.0,-1.2765258879816368,0.2765258879816368,0.2765258879816368,4,LightGBM
Fe-N co-doped Graphene,CO,carbon_2d,2D Carbon,GGA-PBE,CASTEP,-1.641,-1.6091662209928863,-0.031833779007113705,0.031833779007113705,4,LightGBM
Fe-N co-doped Graphene,NO,carbon_2d,2D Carbon,GGA-PBE,CASTEP,-2.081,-3.1206340250573734,1.0396340250573735,1.0396340250573735,4,LightGBM
Fe-N co-doped Graphene,NO2,carbon_2d,2D Carbon,GGA-PBE,CASTEP,-1.345,-2.6560617594852136,1.3110617594852136,1.3110617594852136,4,LightGBM
Fe-N co-doped Graphene,CO2,carbon_2d,2D Carbon,GGA-PBE,CASTEP,-0.154,-2.380037336722024,2.2260373367220243,2.2260373367220243,4,LightGBM
Fe-N co-doped Graphene,H2S,carbon_2d,2D Carbon,GGA-PBE,CASTEP,-0.371,-1.5522638944499485,1.1812638944499485,1.1812638944499485,4,LightGBM
Fe-N co-doped Graphene,NH3,carbon_2d,2D Carbon,GGA-PBE,CASTEP,-0.46,-1.0994929957171937,0.6394929957171938,0.6394929957171938,4,LightGBM
Fe-N co-doped Graphene,SO2,carbon_2d,2D Carbon,GGA-PBE,CASTEP,-0.62,-1.9355383595970983,1.3155383595970984,1.3155383595970984,4,LightGBM
Janus MoSSe,H2S,tmd_janus,TMD,GGA-PBE,VASP,-0.156,-0.3274124490128533,0.17141244901285332,0.17141244901285332,4,LightGBM
Janus MoSSe,H2S,tmd_janus,TMD,GGA-PBE,VASP,-0.147,-0.10347897409079561,-0.04352102590920438,0.04352102590920438,4,LightGBM
Janus MoSSe (SeV),H2S,tmd_janus,TMD,GGA-PBE,VASP,-0.232,-0.842070317522895,0.610070317522895,0.610070317522895,4,LightGBM
Janus MoSSe (SeV),H2S,tmd_janus,TMD,GGA-PBE,VASP,-0.222,-0.1396441222748848,-0.08235587772511521,0.08235587772511521,4,LightGBM
Janus MoSSe (S/SeV),H2S,tmd_janus,TMD,GGA-PBE,VASP,-0.238,-0.842070317522895,0.604070317522895,0.604070317522895,4,LightGBM
Janus MoSSe (S/SeV),H2S,tmd_janus,TMD,GGA-PBE,VASP,-0.222,-0.181056501159806,-0.04094349884019399,0.04094349884019399,4,LightGBM
Janus MoSSe,NH3,tmd_janus,TMD,GGA-PBE,VASP,-0.14,-0.33102026844814186,0.19102026844814185,0.19102026844814185,4,LightGBM
Janus MoSSe,NH3,tmd_janus,TMD,GGA-PBE,VASP,-0.203,-0.18663670276011005,-0.016363297239889968,0.016363297239889968,4,LightGBM
Janus MoSSe (SeV),NH3,tmd_janus,TMD,GGA-PBE,VASP,-0.281,-0.8340345143238381,0.5530345143238381,0.5530345143238381,4,LightGBM
Janus MoSSe (SeV),NH3,tmd_janus,TMD,GGA-PBE,VASP,-0.216,-0.24442661505981333,0.028426615059813337,0.028426615059813337,4,LightGBM
Janus MoSSe (S/SeV),NH3,tmd_janus,TMD,GGA-PBE,VASP,-0.274,-0.8611968768018246,0.5871968768018245,0.5871968768018245,4,LightGBM
Janus MoSSe (S/SeV),NH3,tmd_janus,TMD,GGA-PBE,VASP,-0.177,-0.13702514962947482,-0.03997485037052517,0.03997485037052517,4,LightGBM
Janus MoSSe,NO2,tmd_janus,TMD,GGA-PBE,VASP,-0.252,-0.2671984665622236,0.015198466562223623,0.015198466562223623,4,LightGBM
Janus MoSSe,NO2,tmd_janus,TMD,GGA-PBE,VASP,-0.204,-0.4306170280316607,0.2266170280316607,0.2266170280316607,4,LightGBM
Janus MoSSe (SeV),NO2,tmd_janus,TMD,GGA-PBE,VASP,-3.36,0.2780128281193482,-3.638012828119348,3.638012828119348,4,LightGBM
Janus MoSSe (SeV),NO2,tmd_janus,TMD,GGA-PBE,VASP,-0.288,-0.11343689320639455,-0.17456310679360543,0.17456310679360543,4,LightGBM
Janus MoSSe (S/SeV),NO2,tmd_janus,TMD,GGA-PBE,VASP,-3.404,-0.11343689320639455,-3.290563106793605,3.290563106793605,4,LightGBM
Janus MoSSe (S/SeV),NO2,tmd_janus,TMD,GGA-PBE,VASP,-0.273,-0.11343689320639455,-0.15956310679360547,0.15956310679360547,4,LightGBM
Janus MoSSe,NO,tmd_janus,TMD,GGA-PBE,VASP,-0.089,-0.09214740730775334,0.0031474073077533415,0.0031474073077533415,4,LightGBM
Janus MoSSe,NO,tmd_janus,TMD,GGA-PBE,VASP,-0.117,0.009233822808764263,-0.12623382280876427,0.12623382280876427,4,LightGBM
Janus MoSSe (SeV),NO,tmd_janus,TMD,GGA-PBE,VASP,-0.219,-0.44551934446671393,0.22651934446671393,0.22651934446671393,4,LightGBM
Janus MoSSe (SeV),NO,tmd_janus,TMD,GGA-PBE,VASP,-2.788,-0.22072234771482532,-2.5672776522851746,2.5672776522851746,4,LightGBM
Janus MoSSe (S/SeV),NO,tmd_janus,TMD,GGA-PBE,VASP,-0.083,-0.42958600694804944,0.3465860069480494,0.3465860069480494,4,LightGBM
Janus MoSSe (S/SeV),NO,tmd_janus,TMD,GGA-PBE,VASP,-2.894,-0.22072234771482532,-2.673277652285175,2.673277652285175,4,LightGBM
ZGNR-O (epoxy),NO,carbon_1d,2D Carbon,DFT (ATK),ATK-VNL,-0.318,-0.9038951531365375,0.5858951531365375,0.5858951531365375,4,LightGBM
ZGNR-O (epoxy),NO2,carbon_1d,2D Carbon,DFT (ATK),ATK-VNL,-0.212,-0.6745735307169645,0.4625735307169645,0.4625735307169645,4,LightGBM
ZGNR-O (epoxy),NH3,carbon_1d,2D Carbon,DFT (ATK),ATK-VNL,-0.124,-0.22480582933302248,0.10080582933302248,0.10080582933302248,4,LightGBM
1H-ZrS2,NH3,tmd_4b,2D TMDC,GGA-PBE+D3,VASP,-0.332,-0.14706304956623556,-0.18493695043376446,0.18493695043376446,4,LightGBM
1H-ZrS2,NO2,tmd_4b,2D TMDC,GGA-PBE+D3,VASP,-0.666,-0.38297823981864826,-0.2830217601813518,0.2830217601813518,4,LightGBM
1T-HfS2,NH3,tmd_4b,2D TMDC,GGA-PBE+D3,VASP,-0.447,-0.4995126557486748,0.05251265574867481,0.05251265574867481,4,LightGBM
1T-HfS2,NO2,tmd_4b,2D TMDC,GGA-PBE+D3,VASP,-0.204,-0.3318716224629191,0.12787162246291914,0.12787162246291914,4,LightGBM
1T-ZrSe2,NH3,tmd_4b,2D TMDC,GGA-PBE+D3,VASP,-0.345,-0.6904097913867158,0.3454097913867158,0.3454097913867158,4,LightGBM
1T-ZrSe2,NO2,tmd_4b,2D TMDC,GGA-PBE+D3,VASP,-0.269,-0.3218927120852245,0.0528927120852245,0.0528927120852245,4,LightGBM
1T-ZrTe2,NH3,tmd_4b,2D TMDC,GGA-PBE+D3,VASP,-0.166,-0.3740841082730182,0.20808410827301818,0.20808410827301818,4,LightGBM
1T-ZrTe2,NO2,tmd_4b,2D TMDC,GGA-PBE+D3,VASP,-0.672,-0.5188350765044785,-0.15316492349552158,0.15316492349552158,4,LightGBM
Multi-B Graphene (2B-II),NO,carbon_2d,2D Carbon,GGA-PBE,VASP,-0.89,-0.7032240490217613,-0.18677595097823874,0.18677595097823874,4,LightGBM
Multi-B Graphene (2B-II),NO2,carbon_2d,2D Carbon,GGA-PBE,VASP,-0.72,-0.9408196106972198,0.22081961069721978,0.22081961069721978,4,LightGBM
Multi-B Graphene (2B-II),NH3,carbon_2d,2D Carbon,GGA-PBE,VASP,-0.04,-0.3092142591981591,0.2692142591981591,0.2692142591981591,4,LightGBM
Multi-B Graphene (2B-II),CO,carbon_2d,2D Carbon,GGA-PBE,VASP,-0.11,-0.14654065708023423,0.036540657080234226,0.036540657080234226,4,LightGBM
Multi-B Graphene (2B-II),CO2,carbon_2d,2D Carbon,GGA-PBE,VASP,-0.15,-0.3365730428605112,0.1865730428605112,0.1865730428605112,4,LightGBM
Multi-B Graphene (2B-II),H2O,carbon_2d,2D Carbon,GGA-PBE,VASP,-0.21,-0.14364930197227,-0.06635069802773,0.06635069802773,4,LightGBM
Multi-B Graphene (2B-II),SO2,carbon_2d,2D Carbon,GGA-PBE,VASP,-0.278,-0.35931058578171954,0.08131058578171951,0.08131058578171951,4,LightGBM
Multi-B Graphene (2B-II),H2,carbon_2d,2D Carbon,GGA-PBE,VASP,-0.06,-0.05786895480004947,-0.0021310451999505264,0.0021310451999505264,4,LightGBM
Multi-B Graphene (3B-III),NO,carbon_2d,2D Carbon,GGA-PBE,VASP,-1.23,-0.6257298044003323,-0.6042701955996677,0.6042701955996677,4,LightGBM
Multi-B Graphene (3B-III),NO2,carbon_2d,2D Carbon,GGA-PBE,VASP,-1.6,-0.8647506532341124,-0.7352493467658877,0.7352493467658877,4,LightGBM
Multi-B Graphene (3B-III),NH3,carbon_2d,2D Carbon,GGA-PBE,VASP,-0.49,-0.2823938226911896,-0.20760617730881037,0.20760617730881037,4,LightGBM
Multi-B Graphene (3B-III),CO,carbon_2d,2D Carbon,GGA-PBE,VASP,-0.03,-0.10902561361771065,0.07902561361771065,0.07902561361771065,4,LightGBM
Multi-B Graphene (3B-III),CO2,carbon_2d,2D Carbon,GGA-PBE,VASP,-0.19,-0.2708191003612566,0.08081910036125661,0.08081910036125661,4,LightGBM
Multi-B Graphene (3B-III),H2O,carbon_2d,2D Carbon,GGA-PBE,VASP,-0.32,-0.12825312112029738,-0.19174687887970263,0.19174687887970263,4,LightGBM
Multi-B Graphene (3B-III),SO2,carbon_2d,2D Carbon,GGA-PBE,VASP,-0.48,-0.32062382412408086,-0.15937617587591912,0.15937617587591912,4,LightGBM
Multi-B Graphene (3B-III),H2,carbon_2d,2D Carbon,GGA-PBE,VASP,-0.08,-0.0317781669925229,-0.0482218330074771,0.0482218330074771,4,LightGBM
B-doped Graphene,CO,carbon_2d,2D Carbon,LDA (CA-PZ),CASTEP,-0.14,0.3607985395933098,-0.5007985395933099,0.5007985395933099,5,LightGBM
B-doped Graphene,NO,carbon_2d,2D Carbon,LDA (CA-PZ),CASTEP,-1.07,-0.7784680132018162,-0.2915319867981838,0.2915319867981838,5,LightGBM
B-doped Graphene,NO2,carbon_2d,2D Carbon,LDA (CA-PZ),CASTEP,-1.37,-1.322936137029718,-0.0470638629702822,0.0470638629702822,5,LightGBM
B-doped Graphene,NH3,carbon_2d,2D Carbon,LDA (CA-PZ),CASTEP,-0.5,-1.7033605333810928,1.2033605333810928,1.2033605333810928,5,LightGBM
Sc2CO2 (O-vacancy),N2,mxene_defect,MXene,PBE-GGA,Quantum ESPRESSO,0.4,-0.05651656298628023,0.45651656298628024,0.45651656298628024,5,LightGBM
Sc2CO2 (O-vacancy),N2,mxene_defect,MXene,PBE-GGA,Quantum ESPRESSO,0.4,-0.05651656298628023,0.45651656298628024,0.45651656298628024,5,LightGBM
Sc2CO2 (O-vacancy),N2,mxene_defect,MXene,PBE-GGA,Quantum ESPRESSO,0.4,-0.13464065729548647,0.5346406572954865,0.5346406572954865,5,LightGBM
Sc2CO2 (O-vacancy),H2,mxene_defect,MXene,PBE-GGA,Quantum ESPRESSO,0.4,-0.09360322814938711,0.4936032281493871,0.4936032281493871,5,LightGBM
Sc2CO2 (O-vacancy),H2,mxene_defect,MXene,PBE-GGA,Quantum ESPRESSO,0.4,-0.09360322814938711,0.4936032281493871,0.4936032281493871,5,LightGBM
Sc2CO2 (O-vacancy),H2,mxene_defect,MXene,PBE-GGA,Quantum ESPRESSO,0.4,-0.17156795947732761,0.5715679594773276,0.5715679594773276,5,LightGBM
Sc2CO2 (O-vacancy),CO2,mxene_defect,MXene,PBE-GGA,Quantum ESPRESSO,0.4,-0.05873522526833722,0.45873522526833727,0.45873522526833727,5,LightGBM
Sc2CO2 (O-vacancy),CO2,mxene_defect,MXene,PBE-GGA,Quantum ESPRESSO,0.4,-0.05873522526833722,0.45873522526833727,0.45873522526833727,5,LightGBM
Sc2CO2 (O-vacancy),CO2,mxene_defect,MXene,PBE-GGA,Quantum ESPRESSO,0.4,-0.14360216550328622,0.5436021655032862,0.5436021655032862,5,LightGBM
Sc2CO2 (O-vacancy),NH3,mxene_defect,MXene,PBE-GGA,Quantum ESPRESSO,0.55,-0.3251876054202122,0.8751876054202122,0.8751876054202122,5,LightGBM
Sc2CO2 (O-vacancy),H2S,mxene_defect,MXene,PBE-GGA,Quantum ESPRESSO,0.8,-0.5043143359328182,1.3043143359328182,1.3043143359328182,5,LightGBM
Sc2CO2 (O-vacancy),H2O,mxene_defect,MXene,PBE-GGA,Quantum ESPRESSO,0.63,-0.2854185490069272,0.9154185490069272,0.9154185490069272,5,LightGBM
Sc2CO2 (O-vacancy),CO2,mxene_defect,MXene,PBE-GGA,Quantum ESPRESSO,1.38,-1.2241149059273317,2.6041149059273314,2.6041149059273314,5,LightGBM
Sc2CO2 (O-vacancy),CO2,mxene_defect,MXene,PBE-GGA,Quantum ESPRESSO,0.26,-0.18790552561495216,0.44790552561495217,0.44790552561495217,5,LightGBM
Sc2CO2 (O-vacancy),CO2,mxene_defect,MXene,PBE-GGA,Quantum ESPRESSO,0.28,-0.018540852461360106,0.29854085246136014,0.29854085246136014,5,LightGBM
Sc2CO2 (O-vacancy),CO,mxene_defect,MXene,PBE-GGA,Quantum ESPRESSO,1.07,-1.9018397961533549,2.971839796153355,2.971839796153355,5,LightGBM
Sc2CO2 (O-vacancy),CO,mxene_defect,MXene,PBE-GGA,Quantum ESPRESSO,0.78,-1.9018397961533549,2.681839796153355,2.681839796153355,5,LightGBM
Sc2CO2 (O-vacancy),CO,mxene_defect,MXene,PBE-GGA,Quantum ESPRESSO,0.73,-1.0323734113388818,1.7623734113388818,1.7623734113388818,5,LightGBM
Sc2CO2 (O-vacancy),NO,mxene_defect,MXene,PBE-GGA,Quantum ESPRESSO,3.19,-1.8809541846901117,5.070954184690112,5.070954184690112,5,LightGBM
Sc2CO2 (O-vacancy),NO,mxene_defect,MXene,PBE-GGA,Quantum ESPRESSO,3.19,-1.8809541846901117,5.070954184690112,5.070954184690112,5,LightGBM
Sc2CO2 (O-vacancy),NO,mxene_defect,MXene,PBE-GGA,Quantum ESPRESSO,3.19,-1.8809541846901117,5.070954184690112,5.070954184690112,5,LightGBM
Sc2CO2 (O-vacancy),NO2,mxene_defect,MXene,PBE-GGA,Quantum ESPRESSO,2.72,-1.0728280602919487,3.792828060291949,3.792828060291949,5,LightGBM
Sc2CO2 (O-vacancy),NO2,mxene_defect,MXene,PBE-GGA,Quantum ESPRESSO,2.47,-0.9041123847060186,3.374112384706019,3.374112384706019,5,LightGBM
Sc2CO2 (O-vacancy),NO2,mxene_defect,MXene,PBE-GGA,Quantum ESPRESSO,2.32,-0.9041123847060186,3.2241123847060185,3.2241123847060185,5,LightGBM
Sc2CO2 (O-vacancy),O2,mxene_defect,MXene,PBE-GGA,Quantum ESPRESSO,3.64,-1.2146828124523512,4.854682812452351,4.854682812452351,5,LightGBM
Sc2CO2 (O-vacancy),O2,mxene_defect,MXene,PBE-GGA,Quantum ESPRESSO,3.64,-1.2146828124523512,4.854682812452351,4.854682812452351,5,LightGBM
Sc2CO2 (O-vacancy),O2,mxene_defect,MXene,PBE-GGA,Quantum ESPRESSO,2.61,-1.2146828124523512,3.824682812452351,3.824682812452351,5,LightGBM
Sc2CO2 (O-vacancy),SO2,mxene_defect,MXene,PBE-GGA,Quantum ESPRESSO,1.93,-1.9731943993063001,3.9031943993063,3.9031943993063,5,LightGBM
Sc2CO2 (O-vacancy),SO2,mxene_defect,MXene,PBE-GGA,Quantum ESPRESSO,0.89,-1.2928359255015291,2.182835925501529,2.182835925501529,5,LightGBM
Sc2CO2 (O-vacancy),SO2,mxene_defect,MXene,PBE-GGA,Quantum ESPRESSO,1.48,-1.3448809473304528,2.8248809473304526,2.8248809473304526,5,LightGBM
Ag-MoTe2,SO2,tmd_decorated,TMD,GGA-PBE,CASTEP,-0.81,-1.5064529636081692,0.6964529636081691,0.6964529636081691,5,LightGBM
Ag-MoTe2,SOF2,tmd_decorated,TMD,GGA-PBE,CASTEP,-0.4,-0.5485891193657981,0.1485891193657981,0.1485891193657981,5,LightGBM
Ag-MoTe2,HF,tmd_decorated,TMD,GGA-PBE,CASTEP,-0.32,-0.2362748555357239,-0.08372514446427612,0.08372514446427612,5,LightGBM
Rh-MoTe2,SO2,tmd_decorated,TMD,GGA-PBE,DMol3,-1.65,-1.5064529636081692,-0.14354703639183075,0.14354703639183075,5,LightGBM
Rh-MoTe2,SOF2,tmd_decorated,TMD,GGA-PBE,DMol3,-0.46,-0.4734354801317364,0.0134354801317364,0.0134354801317364,5,LightGBM
Rh-MoTe2,SO2F2,tmd_decorated,TMD,GGA-PBE,DMol3,-2.12,-1.2984025513896944,-0.8215974486103057,0.8215974486103057,5,LightGBM
Fe@Graphene,O2,carbon_2d,2D Carbon,GGA-PBE,VASP,-3.75,-2.7642083276735567,-0.9857916723264433,0.9857916723264433,5,LightGBM
Fe@Graphene,H2O,carbon_2d,2D Carbon,GGA-PBE,VASP,-0.77,-1.2889029156920209,0.5189029156920208,0.5189029156920208,5,LightGBM
Fe@Graphene,NO,carbon_2d,2D Carbon,GGA-PBE,VASP,-3.93,-2.5885120111161104,-1.3414879888838898,1.3414879888838898,5,LightGBM
Fe@Graphene,NO2,carbon_2d,2D Carbon,GGA-PBE,VASP,-3.23,-2.428891140344102,-0.8011088596558982,0.8011088596558982,5,LightGBM
Fe@Graphene,CO,carbon_2d,2D Carbon,GGA-PBE,VASP,-2.16,-1.6167116396623562,-0.5432883603376439,0.5432883603376439,5,LightGBM
Fe@Graphene,NH3,carbon_2d,2D Carbon,GGA-PBE,VASP,-1.55,-1.2304146880820976,-0.3195853119179024,0.3195853119179024,5,LightGBM
B-doped Graphene,SO2,carbon_2d,2D Carbon,GGA-PBE,CASTEP,-0.205,0.4419744579284559,-0.6469744579284559,0.6469744579284559,5,LightGBM
Pt-doped Graphene,SO2,carbon_2d,2D Carbon,GGA-PBE,CASTEP,-1.018,-2.577825511249138,1.559825511249138,1.559825511249138,5,LightGBM
Ag-doped Graphene,SO2,carbon_2d,2D Carbon,GGA-PBE,CASTEP,-0.968,-2.5684292747426456,1.6004292747426456,1.6004292747426456,5,LightGBM
Au-doped Graphene,SO2,carbon_2d,2D Carbon,GGA-PBE,CASTEP,-1.284,-2.5684292747426456,1.2844292747426456,1.2844292747426456,5,LightGBM
Cu-substituted MoS2,H2,tmd_substituted,TMD,GGA-PBE,VASP,-0.45,-0.28904838044373987,-0.16095161955626014,0.16095161955626014,5,LightGBM
Cu-substituted MoS2,O2,tmd_substituted,TMD,GGA-PBE,VASP,-1.07,-0.9290370983121545,-0.14096290168784553,0.14096290168784553,5,LightGBM
Cu-substituted MoS2,N2,tmd_substituted,TMD,GGA-PBE,VASP,-0.66,-0.48996191000362405,-0.17003808999637599,0.17003808999637599,5,LightGBM
Cu-substituted MoS2,CO,tmd_substituted,TMD,GGA-PBE,VASP,-1.24,-0.7225793673668283,-0.5174206326331717,0.5174206326331717,5,LightGBM
Cu-substituted MoS2,NO,tmd_substituted,TMD,GGA-PBE,VASP,-1.44,-1.0286786447264604,-0.4113213552735395,0.4113213552735395,5,LightGBM
Ag-substituted MoS2,H2,tmd_substituted,TMD,GGA-PBE,VASP,-0.27,-0.2191525363690088,-0.05084746363099121,0.05084746363099121,5,LightGBM
Ag-substituted MoS2,O2,tmd_substituted,TMD,GGA-PBE,VASP,-0.57,-0.9290370983121545,0.3590370983121546,0.3590370983121546,5,LightGBM
Ag-substituted MoS2,N2,tmd_substituted,TMD,GGA-PBE,VASP,-0.33,-0.33117012075227026,0.0011701207522702428,0.0011701207522702428,5,LightGBM
Ag-substituted MoS2,CO,tmd_substituted,TMD,GGA-PBE,VASP,-0.77,-0.5872363732601164,-0.18276362673988367,0.18276362673988367,5,LightGBM
Ag-substituted MoS2,NO,tmd_substituted,TMD,GGA-PBE,VASP,-0.35,-0.9238791323703983,0.5738791323703983,0.5738791323703983,5,LightGBM
Cu2-substituted MoS2,H2,tmd_substituted,TMD,GGA-PBE,VASP,-0.395,-0.26347335490165374,-0.13152664509834627,0.13152664509834627,5,LightGBM
Cu2-substituted MoS2,O2,tmd_substituted,TMD,GGA-PBE,VASP,-1.65,-0.9290370983121545,-0.7209629016878454,0.7209629016878454,5,LightGBM
Cu2-substituted MoS2,N2,tmd_substituted,TMD,GGA-PBE,VASP,-0.66,-0.476639795954868,-0.18336020404513204,0.18336020404513204,5,LightGBM
Cu2-substituted MoS2,CO,tmd_substituted,TMD,GGA-PBE,VASP,-1.31,-0.7225793673668283,-0.5874206326331718,0.5874206326331718,5,LightGBM
Cu2-substituted MoS2,NO,tmd_substituted,TMD,GGA-PBE,VASP,-1.69,-1.0286786447264604,-0.6613213552735395,0.6613213552735395,5,LightGBM
Janus MoSSe (MoV),H2S,tmd_janus,TMD,GGA-PBE,VASP,-0.232,-0.397748212453418,0.165748212453418,0.165748212453418,5,LightGBM
Janus MoSSe (MoV),H2S,tmd_janus,TMD,GGA-PBE,VASP,-0.146,-0.1285687762753919,-0.01743122372460809,0.01743122372460809,5,LightGBM
Janus MoSSe (MoV),NH3,tmd_janus,TMD,GGA-PBE,VASP,-0.146,-0.12863500694283317,-0.017364993057166822,0.017364993057166822,5,LightGBM
Janus MoSSe (MoV),NH3,tmd_janus,TMD,GGA-PBE,VASP,-0.16,-0.10895976002652714,-0.05104023997347286,0.05104023997347286,5,LightGBM
Janus MoSSe (MoV),NO2,tmd_janus,TMD,GGA-PBE,VASP,-0.314,-0.7662112930287146,0.4522112930287146,0.4522112930287146,5,LightGBM
Janus MoSSe (MoV),NO2,tmd_janus,TMD,GGA-PBE,VASP,-0.266,-0.9515636311231928,0.6855636311231927,0.6855636311231927,5,LightGBM
Janus MoSSe (MoV),NO,tmd_janus,TMD,GGA-PBE,VASP,-0.164,-0.3016229349792362,0.1376229349792362,0.1376229349792362,5,LightGBM
Janus MoSSe (MoV),NO,tmd_janus,TMD,GGA-PBE,VASP,-0.435,-0.6082937979426042,0.1732937979426042,0.1732937979426042,5,LightGBM
Ag-doped Graphene,NO2,carbon_2d,2D Carbon,GGA-PBE,CASTEP,-2.209,-1.881465926715735,-0.3275340732842651,0.3275340732842651,5,LightGBM
Ag-doped Graphene,NH3,carbon_2d,2D Carbon,GGA-PBE,CASTEP,-1.115,-1.7193148896904769,0.6043148896904769,0.6043148896904769,5,LightGBM
Ag-doped Graphene,H2O,carbon_2d,2D Carbon,GGA-PBE,CASTEP,-0.93,-1.788623804860336,0.858623804860336,0.858623804860336,5,LightGBM
Ag-doped Graphene,CO2,carbon_2d,2D Carbon,GGA-PBE,CASTEP,-0.36,-0.8564614263320984,0.49646142633209844,0.49646142633209844,5,LightGBM
Ag-doped Graphene,CH4,carbon_2d,2D Carbon,GGA-PBE,CASTEP,-0.335,-0.6967074930914179,0.36170749309141786,0.36170749309141786,5,LightGBM
Ag-doped Graphene,C2H6,carbon_2d,2D Carbon,GGA-PBE,CASTEP,-0.514,-0.9647259604059393,0.45072596040593926,0.45072596040593926,5,LightGBM
ZGNR-OH (hydroxyl),NO,carbon_1d,2D Carbon,DFT (ATK),ATK-VNL,-0.641,-0.6919599185144987,0.05095991851449866,0.05095991851449866,5,LightGBM
ZGNR-OH (hydroxyl),NO2,carbon_1d,2D Carbon,DFT (ATK),ATK-VNL,-0.618,-1.1962000343141357,0.5782000343141357,0.5782000343141357,5,LightGBM
ZGNR-OH (hydroxyl),NH3,carbon_1d,2D Carbon,DFT (ATK),ATK-VNL,-0.244,-0.3143789949119475,0.07037899491194749,0.07037899491194749,5,LightGBM
ZGNR-O-OH (epoxy+hydroxyl),NO,carbon_1d,2D Carbon,DFT (ATK),ATK-VNL,-0.625,-0.31338879230332134,-0.31161120769667866,0.31161120769667866,5,LightGBM
ZGNR-O-OH (epoxy+hydroxyl),NO2,carbon_1d,2D Carbon,DFT (ATK),ATK-VNL,-0.953,-1.1775575267146718,0.22455752671467188,0.22455752671467188,5,LightGBM
ZGNR-O-OH (epoxy+hydroxyl),NH3,carbon_1d,2D Carbon,DFT (ATK),ATK-VNL,-0.219,-0.358551573052665,0.139551573052665,0.139551573052665,5,LightGBM
1T-HfTe2,NH3,tmd_4b,2D TMDC,GGA-PBE+D3,VASP,-0.198,-0.020397126372359638,-0.17760287362764038,0.17760287362764038,5,LightGBM
1T-HfTe2,NO2,tmd_4b,2D TMDC,GGA-PBE+D3,VASP,-0.667,-0.12086377892830806,-0.546136221071692,0.546136221071692,5,LightGBM
Multi-B Graphene (1B),NO,carbon_2d,2D Carbon,GGA-PBE,VASP,-0.163,-0.35609938260415397,0.19309938260415396,0.19309938260415396,5,LightGBM
Multi-B Graphene (1B),NO2,carbon_2d,2D Carbon,GGA-PBE,VASP,-0.61,-0.2606465711138086,-0.34935342888619136,0.34935342888619136,5,LightGBM
Multi-B Graphene (1B),NH3,carbon_2d,2D Carbon,GGA-PBE,VASP,-0.15,0.17423989263996026,-0.3242398926399602,0.3242398926399602,5,LightGBM
Multi-B Graphene (1B),CO,carbon_2d,2D Carbon,GGA-PBE,VASP,-0.11,0.15786976278348167,-0.2678697627834817,0.2678697627834817,5,LightGBM
Multi-B Graphene (1B),CO2,carbon_2d,2D Carbon,GGA-PBE,VASP,-0.16,0.1624066340505417,-0.3224066340505417,0.3224066340505417,5,LightGBM
Multi-B Graphene (1B),H2O,carbon_2d,2D Carbon,GGA-PBE,VASP,-0.18,0.18151247685228358,-0.3615124768522836,0.3615124768522836,5,LightGBM
Multi-B Graphene (1B),SO2,carbon_2d,2D Carbon,GGA-PBE,VASP,-0.36,0.2509766432599856,-0.6109766432599856,0.6109766432599856,5,LightGBM
Multi-B Graphene (1B),H2,carbon_2d,2D Carbon,GGA-PBE,VASP,-0.06,0.2244810868353997,-0.2844810868353997,0.2844810868353997,5,LightGBM
