material_absorber,absorber_band_gap_eV,phase,heat_of_formation_eV_per_atom,source_doi,source_paper
Cs2AgAlBr6 (cubic),1.0274,cubic,-1.240558,10.1038/s41524-019-0177-0,"Li et al. npj Comput Mater 5, 83 (2019) — DFT indirect gap"
Cs2AgAsBr6 (cubic),0.781,cubic,-1.012833,10.1038/s41524-019-0177-0,"Li et al. npj Comput Mater 5, 83 (2019) — DFT indirect gap"
Cs2AgBiBr6 (cubic),1.1399,cubic,-1.14509,10.1038/s41524-019-0177-0,"Li et al. npj Comput Mater 5, 83 (2019) — DFT indirect gap"
Cs2AgInBr6 (cubic),0.1818,cubic,-1.162859,10.1038/s41524-019-0177-0,"Li et al. npj Comput Mater 5, 83 (2019) — DFT indirect gap"
Cs2AgSbBr6 (cubic),0.8519,cubic,-1.097396,10.1038/s41524-019-0177-0,"Li et al. npj Comput Mater 5, 83 (2019) — DFT indirect gap"
Cs2AuBiBr6 (cubic),0.1284,cubic,-1.043968,10.1038/s41524-019-0177-0,"Li et al. npj Comput Mater 5, 83 (2019) — DFT indirect gap"
Cs2CuAsBr6 (cubic),0.2252,cubic,-0.959211,10.1038/s41524-019-0177-0,"Li et al. npj Comput Mater 5, 83 (2019) — DFT indirect gap"
Cs2CuBiBr6 (cubic),0.5649,cubic,-1.093462,10.1038/s41524-019-0177-0,"Li et al. npj Comput Mater 5, 83 (2019) — DFT indirect gap"
Cs2CuSbBr6 (cubic),0.3254,cubic,-1.045705,10.1038/s41524-019-0177-0,"Li et al. npj Comput Mater 5, 83 (2019) — DFT indirect gap"
Cs2InAlBr6 (cubic),1.9981,cubic,-1.325691,10.1038/s41524-019-0177-0,"Li et al. npj Comput Mater 5, 83 (2019) — DFT indirect gap"
Cs2InAsBr6 (cubic),0.1267,cubic,-1.095793,10.1038/s41524-019-0177-0,"Li et al. npj Comput Mater 5, 83 (2019) — DFT indirect gap"
Cs2InBiBr6 (cubic),0.0181,cubic,-1.214388,10.1038/s41524-019-0177-0,"Li et al. npj Comput Mater 5, 83 (2019) — DFT indirect gap"
Cs2InGaBr6 (cubic),1.016,cubic,-1.221825,10.1038/s41524-019-0177-0,"Li et al. npj Comput Mater 5, 83 (2019) — DFT indirect gap"
Cs2InInBr6 (cubic),0.8082,cubic,-1.240543,10.1038/s41524-019-0177-0,"Li et al. npj Comput Mater 5, 83 (2019) — DFT indirect gap"
Cs2InSbBr6 (cubic),0.087,cubic,-1.169662,10.1038/s41524-019-0177-0,"Li et al. npj Comput Mater 5, 83 (2019) — DFT indirect gap"
Cs2TlAlBr6 (cubic),2.6282,cubic,-1.360378,10.1038/s41524-019-0177-0,"Li et al. npj Comput Mater 5, 83 (2019) — DFT indirect gap"
Cs2TlAsBr6 (cubic),0.8269,cubic,-1.114578,10.1038/s41524-019-0177-0,"Li et al. npj Comput Mater 5, 83 (2019) — DFT indirect gap"
Cs2TlBiBr6 (cubic),0.6537,cubic,-1.240365,10.1038/s41524-019-0177-0,"Li et al. npj Comput Mater 5, 83 (2019) — DFT indirect gap"
Cs2TlGaBr6 (cubic),1.4557,cubic,-1.224605,10.1038/s41524-019-0177-0,"Li et al. npj Comput Mater 5, 83 (2019) — DFT indirect gap"
Cs2TlInBr6 (cubic),1.6335,cubic,-1.268263,10.1038/s41524-019-0177-0,"Li et al. npj Comput Mater 5, 83 (2019) — DFT indirect gap"
Cs2TlSbBr6 (cubic),0.6989,cubic,-1.193052,10.1038/s41524-019-0177-0,"Li et al. npj Comput Mater 5, 83 (2019) — DFT indirect gap"
K2AgAlBr6 (cubic),1.0488,cubic,-1.175489,10.1038/s41524-019-0177-0,"Li et al. npj Comput Mater 5, 83 (2019) — DFT indirect gap"
K2AgAsBr6 (cubic),0.7009,cubic,-0.937819,10.1038/s41524-019-0177-0,"Li et al. npj Comput Mater 5, 83 (2019) — DFT indirect gap"
K2AgBiBr6 (cubic),1.1002,cubic,-1.05289,10.1038/s41524-019-0177-0,"Li et al. npj Comput Mater 5, 83 (2019) — DFT indirect gap"
K2AgInBr6 (cubic),0.131,cubic,-1.082429,10.1038/s41524-019-0177-0,"Li et al. npj Comput Mater 5, 83 (2019) — DFT indirect gap"
K2AgSbBr6 (cubic),0.7905,cubic,-1.009351,10.1038/s41524-019-0177-0,"Li et al. npj Comput Mater 5, 83 (2019) — DFT indirect gap"
K2AuBiBr6 (cubic),0.0912,cubic,-0.952721,10.1038/s41524-019-0177-0,"Li et al. npj Comput Mater 5, 83 (2019) — DFT indirect gap"
K2CuAsBr6 (cubic),0.1748,cubic,-0.901988,10.1038/s41524-019-0177-0,"Li et al. npj Comput Mater 5, 83 (2019) — DFT indirect gap"
K2CuBiBr6 (cubic),0.5536,cubic,-1.014436,10.1038/s41524-019-0177-0,"Li et al. npj Comput Mater 5, 83 (2019) — DFT indirect gap"
K2CuSbBr6 (cubic),0.2896,cubic,-0.972103,10.1038/s41524-019-0177-0,"Li et al. npj Comput Mater 5, 83 (2019) — DFT indirect gap"
K2InAlBr6 (cubic),1.8402,cubic,-1.235024,10.1038/s41524-019-0177-0,"Li et al. npj Comput Mater 5, 83 (2019) — DFT indirect gap"
K2InAsBr6 (cubic),0.1191,cubic,-1.0027,10.1038/s41524-019-0177-0,"Li et al. npj Comput Mater 5, 83 (2019) — DFT indirect gap"
K2InBiBr6 (cubic),0.1729,cubic,-1.107318,10.1038/s41524-019-0177-0,"Li et al. npj Comput Mater 5, 83 (2019) — DFT indirect gap"
K2InGaBr6 (cubic),0.793,cubic,-1.131587,10.1038/s41524-019-0177-0,"Li et al. npj Comput Mater 5, 83 (2019) — DFT indirect gap"
K2InInBr6 (cubic),0.6186,cubic,-1.14148,10.1038/s41524-019-0177-0,"Li et al. npj Comput Mater 5, 83 (2019) — DFT indirect gap"
K2InSbBr6 (cubic),0.0877,cubic,-1.065981,10.1038/s41524-019-0177-0,"Li et al. npj Comput Mater 5, 83 (2019) — DFT indirect gap"
K2TlAlBr6 (cubic),2.5609,cubic,-1.266944,10.1038/s41524-019-0177-0,"Li et al. npj Comput Mater 5, 83 (2019) — DFT indirect gap"
K2TlAsBr6 (cubic),0.6552,cubic,-1.015612,10.1038/s41524-019-0177-0,"Li et al. npj Comput Mater 5, 83 (2019) — DFT indirect gap"
K2TlBiBr6 (cubic),0.5501,cubic,-1.130251,10.1038/s41524-019-0177-0,"Li et al. npj Comput Mater 5, 83 (2019) — DFT indirect gap"
K2TlGaBr6 (cubic),1.334,cubic,-1.130274,10.1038/s41524-019-0177-0,"Li et al. npj Comput Mater 5, 83 (2019) — DFT indirect gap"
K2TlInBr6 (cubic),1.5368,cubic,-1.165677,10.1038/s41524-019-0177-0,"Li et al. npj Comput Mater 5, 83 (2019) — DFT indirect gap"
K2TlSbBr6 (cubic),0.5557,cubic,-1.085567,10.1038/s41524-019-0177-0,"Li et al. npj Comput Mater 5, 83 (2019) — DFT indirect gap"
Rb2AgAlBr6 (cubic),1.045,cubic,-1.206226,10.1038/s41524-019-0177-0,"Li et al. npj Comput Mater 5, 83 (2019) — DFT indirect gap"
Rb2AgAsBr6 (cubic),0.7293,cubic,-0.972467,10.1038/s41524-019-0177-0,"Li et al. npj Comput Mater 5, 83 (2019) — DFT indirect gap"
Rb2AgBiBr6 (cubic),1.1156,cubic,-1.09423,10.1038/s41524-019-0177-0,"Li et al. npj Comput Mater 5, 83 (2019) — DFT indirect gap"
Rb2AgInBr6 (cubic),0.1505,cubic,-1.119241,10.1038/s41524-019-0177-0,"Li et al. npj Comput Mater 5, 83 (2019) — DFT indirect gap"
Rb2AgSbBr6 (cubic),0.8142,cubic,-1.049092,10.1038/s41524-019-0177-0,"Li et al. npj Comput Mater 5, 83 (2019) — DFT indirect gap"
Rb2AuBiBr6 (cubic),0.105,cubic,-0.993738,10.1038/s41524-019-0177-0,"Li et al. npj Comput Mater 5, 83 (2019) — DFT indirect gap"
Rb2CuAsBr6 (cubic),0.195,cubic,-0.929802,10.1038/s41524-019-0177-0,"Li et al. npj Comput Mater 5, 83 (2019) — DFT indirect gap"
Rb2CuBiBr6 (cubic),0.5582,cubic,-1.050742,10.1038/s41524-019-0177-0,"Li et al. npj Comput Mater 5, 83 (2019) — DFT indirect gap"
Rb2CuSbBr6 (cubic),0.3028,cubic,-1.006316,10.1038/s41524-019-0177-0,"Li et al. npj Comput Mater 5, 83 (2019) — DFT indirect gap"
Rb2InAlBr6 (cubic),1.8871,cubic,-1.27556,10.1038/s41524-019-0177-0,"Li et al. npj Comput Mater 5, 83 (2019) — DFT indirect gap"
Rb2InAsBr6 (cubic),0.0308,cubic,-1.04423,10.1038/s41524-019-0177-0,"Li et al. npj Comput Mater 5, 83 (2019) — DFT indirect gap"
Rb2InBiBr6 (cubic),0.1087,cubic,-1.154328,10.1038/s41524-019-0177-0,"Li et al. npj Comput Mater 5, 83 (2019) — DFT indirect gap"
Rb2InGaBr6 (cubic),0.8699,cubic,-1.172031,10.1038/s41524-019-0177-0,"Li et al. npj Comput Mater 5, 83 (2019) — DFT indirect gap"
Rb2InInBr6 (cubic),0.6885,cubic,-1.18539,10.1038/s41524-019-0177-0,"Li et al. npj Comput Mater 5, 83 (2019) — DFT indirect gap"
Rb2InSbBr6 (cubic),0.0204,cubic,-1.111678,10.1038/s41524-019-0177-0,"Li et al. npj Comput Mater 5, 83 (2019) — DFT indirect gap"
Rb2TlAlBr6 (cubic),2.5847,cubic,-1.308571,10.1038/s41524-019-0177-0,"Li et al. npj Comput Mater 5, 83 (2019) — DFT indirect gap"
Rb2TlAsBr6 (cubic),0.7202,cubic,-1.059423,10.1038/s41524-019-0177-0,"Li et al. npj Comput Mater 5, 83 (2019) — DFT indirect gap"
Rb2TlBiBr6 (cubic),0.59,cubic,-1.17844,10.1038/s41524-019-0177-0,"Li et al. npj Comput Mater 5, 83 (2019) — DFT indirect gap"
Rb2TlGaBr6 (cubic),1.3803,cubic,-1.172269,10.1038/s41524-019-0177-0,"Li et al. npj Comput Mater 5, 83 (2019) — DFT indirect gap"
Rb2TlInBr6 (cubic),1.5726,cubic,-1.210963,10.1038/s41524-019-0177-0,"Li et al. npj Comput Mater 5, 83 (2019) — DFT indirect gap"
Rb2TlSbBr6 (cubic),0.6199,cubic,-1.13275,10.1038/s41524-019-0177-0,"Li et al. npj Comput Mater 5, 83 (2019) — DFT indirect gap"
Cs2AgAlCl6 (cubic),2.1892,cubic,-1.515996,10.1038/s41524-019-0177-0,"Li et al. npj Comput Mater 5, 83 (2019) — DFT indirect gap"
Cs2AgAsCl6 (cubic),1.2792,cubic,-1.203502,10.1038/s41524-019-0177-0,"Li et al. npj Comput Mater 5, 83 (2019) — DFT indirect gap"
Cs2AgBiCl6 (cubic),1.5671,cubic,-1.34394,10.1038/s41524-019-0177-0,"Li et al. npj Comput Mater 5, 83 (2019) — DFT indirect gap"
Cs2AgGaCl6 (cubic),0.9376,cubic,-1.34215,10.1038/s41524-019-0177-0,"Li et al. npj Comput Mater 5, 83 (2019) — DFT indirect gap"
Cs2AgInCl6 (cubic),1.0098,cubic,-1.380609,10.1038/s41524-019-0177-0,"Li et al. npj Comput Mater 5, 83 (2019) — DFT indirect gap"
Cs2AgSbCl6 (cubic),1.3481,cubic,-1.293616,10.1038/s41524-019-0177-0,"Li et al. npj Comput Mater 5, 83 (2019) — DFT indirect gap"
Cs2AuAlCl6 (cubic),0.3603,cubic,-1.375647,10.1038/s41524-019-0177-0,"Li et al. npj Comput Mater 5, 83 (2019) — DFT indirect gap"
Cs2AuAsCl6 (cubic),0.0619,cubic,-1.088406,10.1038/s41524-019-0177-0,"Li et al. npj Comput Mater 5, 83 (2019) — DFT indirect gap"
Cs2AuBiCl6 (cubic),0.4324,cubic,-1.219563,10.1038/s41524-019-0177-0,"Li et al. npj Comput Mater 5, 83 (2019) — DFT indirect gap"
Cs2AuSbCl6 (cubic),0.1614,cubic,-1.174498,10.1038/s41524-019-0177-0,"Li et al. npj Comput Mater 5, 83 (2019) — DFT indirect gap"
Cs2CuAlCl6 (cubic),0.6212,cubic,-1.439404,10.1038/s41524-019-0177-0,"Li et al. npj Comput Mater 5, 83 (2019) — DFT indirect gap"
Cs2CuAsCl6 (cubic),0.5367,cubic,-1.153265,10.1038/s41524-019-0177-0,"Li et al. npj Comput Mater 5, 83 (2019) — DFT indirect gap"
Cs2CuBiCl6 (cubic),0.7609,cubic,-1.297999,10.1038/s41524-019-0177-0,"Li et al. npj Comput Mater 5, 83 (2019) — DFT indirect gap"
Cs2CuSbCl6 (cubic),0.6478,cubic,-1.246768,10.1038/s41524-019-0177-0,"Li et al. npj Comput Mater 5, 83 (2019) — DFT indirect gap"
Cs2InAlCl6 (cubic),2.9697,cubic,-1.604787,10.1038/s41524-019-0177-0,"Li et al. npj Comput Mater 5, 83 (2019) — DFT indirect gap"
Cs2InAsCl6 (cubic),0.6019,cubic,-1.285008,10.1038/s41524-019-0177-0,"Li et al. npj Comput Mater 5, 83 (2019) — DFT indirect gap"
Cs2InBiCl6 (cubic),0.4401,cubic,-1.412981,10.1038/s41524-019-0177-0,"Li et al. npj Comput Mater 5, 83 (2019) — DFT indirect gap"
Cs2InGaCl6 (cubic),1.7994,cubic,-1.442732,10.1038/s41524-019-0177-0,"Li et al. npj Comput Mater 5, 83 (2019) — DFT indirect gap"
Cs2InInCl6 (cubic),1.5767,cubic,-1.459136,10.1038/s41524-019-0177-0,"Li et al. npj Comput Mater 5, 83 (2019) — DFT indirect gap"
Cs2InSbCl6 (cubic),0.5387,cubic,-1.364971,10.1038/s41524-019-0177-0,"Li et al. npj Comput Mater 5, 83 (2019) — DFT indirect gap"
Cs2TlAlCl6 (cubic),3.6705,cubic,-1.643368,10.1038/s41524-019-0177-0,"Li et al. npj Comput Mater 5, 83 (2019) — DFT indirect gap"
Cs2TlAsCl6 (cubic),1.26,cubic,-1.310773,10.1038/s41524-019-0177-0,"Li et al. npj Comput Mater 5, 83 (2019) — DFT indirect gap"
Cs2TlBiCl6 (cubic),1.1018,cubic,-1.443943,10.1038/s41524-019-0177-0,"Li et al. npj Comput Mater 5, 83 (2019) — DFT indirect gap"
Cs2TlGaCl6 (cubic),2.4214,cubic,-1.463123,10.1038/s41524-019-0177-0,"Li et al. npj Comput Mater 5, 83 (2019) — DFT indirect gap"
Cs2TlInCl6 (cubic),2.4561,cubic,-1.492192,10.1038/s41524-019-0177-0,"Li et al. npj Comput Mater 5, 83 (2019) — DFT indirect gap"
Cs2TlSbCl6 (cubic),1.12,cubic,-1.394131,10.1038/s41524-019-0177-0,"Li et al. npj Comput Mater 5, 83 (2019) — DFT indirect gap"
K2AgAlCl6 (cubic),2.1587,cubic,-1.468353,10.1038/s41524-019-0177-0,"Li et al. npj Comput Mater 5, 83 (2019) — DFT indirect gap"
K2AgAsCl6 (cubic),1.1805,cubic,-1.139367,10.1038/s41524-019-0177-0,"Li et al. npj Comput Mater 5, 83 (2019) — DFT indirect gap"
K2AgBiCl6 (cubic),1.5173,cubic,-1.258391,10.1038/s41524-019-0177-0,"Li et al. npj Comput Mater 5, 83 (2019) — DFT indirect gap"
K2AgGaCl6 (cubic),0.8293,cubic,-1.290326,10.1038/s41524-019-0177-0,"Li et al. npj Comput Mater 5, 83 (2019) — DFT indirect gap"
K2AgInCl6 (cubic),0.9338,cubic,-1.311473,10.1038/s41524-019-0177-0,"Li et al. npj Comput Mater 5, 83 (2019) — DFT indirect gap"
K2AgSbCl6 (cubic),1.277,cubic,-1.213267,10.1038/s41524-019-0177-0,"Li et al. npj Comput Mater 5, 83 (2019) — DFT indirect gap"
K2AuAlCl6 (cubic),0.3487,cubic,-1.327034,10.1038/s41524-019-0177-0,"Li et al. npj Comput Mater 5, 83 (2019) — DFT indirect gap"
K2AuBiCl6 (cubic),0.3961,cubic,-1.134472,10.1038/s41524-019-0177-0,"Li et al. npj Comput Mater 5, 83 (2019) — DFT indirect gap"
K2AuSbCl6 (cubic),0.105,cubic,-1.094924,10.1038/s41524-019-0177-0,"Li et al. npj Comput Mater 5, 83 (2019) — DFT indirect gap"
K2CuAlCl6 (cubic),0.6905,cubic,-1.422072,10.1038/s41524-019-0177-0,"Li et al. npj Comput Mater 5, 83 (2019) — DFT indirect gap"
K2CuAsCl6 (cubic),0.5018,cubic,-1.115108,10.1038/s41524-019-0177-0,"Li et al. npj Comput Mater 5, 83 (2019) — DFT indirect gap"
K2CuBiCl6 (cubic),0.7442,cubic,-1.231303,10.1038/s41524-019-0177-0,"Li et al. npj Comput Mater 5, 83 (2019) — DFT indirect gap"
K2CuSbCl6 (cubic),0.6278,cubic,-1.18726,10.1038/s41524-019-0177-0,"Li et al. npj Comput Mater 5, 83 (2019) — DFT indirect gap"
K2InAlCl6 (cubic),2.7501,cubic,-1.521625,10.1038/s41524-019-0177-0,"Li et al. npj Comput Mater 5, 83 (2019) — DFT indirect gap"
K2InAsCl6 (cubic),0.3006,cubic,-1.195962,10.1038/s41524-019-0177-0,"Li et al. npj Comput Mater 5, 83 (2019) — DFT indirect gap"
K2InBiCl6 (cubic),0.2369,cubic,-1.308173,10.1038/s41524-019-0177-0,"Li et al. npj Comput Mater 5, 83 (2019) — DFT indirect gap"
K2InGaCl6 (cubic),1.5348,cubic,-1.359003,10.1038/s41524-019-0177-0,"Li et al. npj Comput Mater 5, 83 (2019) — DFT indirect gap"
K2InInCl6 (cubic),1.3588,cubic,-1.364315,10.1038/s41524-019-0177-0,"Li et al. npj Comput Mater 5, 83 (2019) — DFT indirect gap"
K2InSbCl6 (cubic),0.3352,cubic,-1.26394,10.1038/s41524-019-0177-0,"Li et al. npj Comput Mater 5, 83 (2019) — DFT indirect gap"
K2TlAlCl6 (cubic),3.5545,cubic,-1.557294,10.1038/s41524-019-0177-0,"Li et al. npj Comput Mater 5, 83 (2019) — DFT indirect gap"
K2TlAsCl6 (cubic),1.0733,cubic,-1.215625,10.1038/s41524-019-0177-0,"Li et al. npj Comput Mater 5, 83 (2019) — DFT indirect gap"
K2TlBiCl6 (cubic),0.9927,cubic,-1.335997,10.1038/s41524-019-0177-0,"Li et al. npj Comput Mater 5, 83 (2019) — DFT indirect gap"
K2TlGaCl6 (cubic),2.2592,cubic,-1.375169,10.1038/s41524-019-0177-0,"Li et al. npj Comput Mater 5, 83 (2019) — DFT indirect gap"
K2TlInCl6 (cubic),2.3298,cubic,-1.39383,10.1038/s41524-019-0177-0,"Li et al. npj Comput Mater 5, 83 (2019) — DFT indirect gap"
K2TlSbCl6 (cubic),0.9869,cubic,-1.28924,10.1038/s41524-019-0177-0,"Li et al. npj Comput Mater 5, 83 (2019) — DFT indirect gap"
Rb2AgAlCl6 (cubic),2.1691,cubic,-1.493007,10.1038/s41524-019-0177-0,"Li et al. npj Comput Mater 5, 83 (2019) — DFT indirect gap"
Rb2AgAsCl6 (cubic),1.2166,cubic,-1.170503,10.1038/s41524-019-0177-0,"Li et al. npj Comput Mater 5, 83 (2019) — DFT indirect gap"
Rb2AgBiCl6 (cubic),1.5347,cubic,-1.297686,10.1038/s41524-019-0177-0,"Li et al. npj Comput Mater 5, 83 (2019) — DFT indirect gap"
Rb2AgGaCl6 (cubic),0.8637,cubic,-1.316696,10.1038/s41524-019-0177-0,"Li et al. npj Comput Mater 5, 83 (2019) — DFT indirect gap"
Rb2AgInCl6 (cubic),0.9585,cubic,-1.344579,10.1038/s41524-019-0177-0,"Li et al. npj Comput Mater 5, 83 (2019) — DFT indirect gap"
Rb2AgSbCl6 (cubic),1.303,cubic,-1.250614,10.1038/s41524-019-0177-0,"Li et al. npj Comput Mater 5, 83 (2019) — DFT indirect gap"
Rb2AuAlCl6 (cubic),0.3514,cubic,-1.352288,10.1038/s41524-019-0177-0,"Li et al. npj Comput Mater 5, 83 (2019) — DFT indirect gap"
Rb2AuAsCl6 (cubic),0.0121,cubic,-1.05651,10.1038/s41524-019-0177-0,"Li et al. npj Comput Mater 5, 83 (2019) — DFT indirect gap"
Rb2AuBiCl6 (cubic),0.4081,cubic,-1.17368,10.1038/s41524-019-0177-0,"Li et al. npj Comput Mater 5, 83 (2019) — DFT indirect gap"
Rb2AuSbCl6 (cubic),0.1257,cubic,-1.132085,10.1038/s41524-019-0177-0,"Li et al. npj Comput Mater 5, 83 (2019) — DFT indirect gap"
Rb2CuAlCl6 (cubic),0.6565,cubic,-1.434919,10.1038/s41524-019-0177-0,"Li et al. npj Comput Mater 5, 83 (2019) — DFT indirect gap"
Rb2CuAsCl6 (cubic),0.5151,cubic,-1.136378,10.1038/s41524-019-0177-0,"Li et al. npj Comput Mater 5, 83 (2019) — DFT indirect gap"
Rb2CuBiCl6 (cubic),0.7525,cubic,-1.263479,10.1038/s41524-019-0177-0,"Li et al. npj Comput Mater 5, 83 (2019) — DFT indirect gap"
Rb2CuSbCl6 (cubic),0.6353,cubic,-1.216858,10.1038/s41524-019-0177-0,"Li et al. npj Comput Mater 5, 83 (2019) — DFT indirect gap"
Rb2InAlCl6 (cubic),2.8237,cubic,-1.559698,10.1038/s41524-019-0177-0,"Li et al. npj Comput Mater 5, 83 (2019) — DFT indirect gap"
Rb2InAsCl6 (cubic),0.4084,cubic,-1.236333,10.1038/s41524-019-0177-0,"Li et al. npj Comput Mater 5, 83 (2019) — DFT indirect gap"
Rb2InBiCl6 (cubic),0.3094,cubic,-1.354622,10.1038/s41524-019-0177-0,"Li et al. npj Comput Mater 5, 83 (2019) — DFT indirect gap"
Rb2InGaCl6 (cubic),1.6341,cubic,-1.397412,10.1038/s41524-019-0177-0,"Li et al. npj Comput Mater 5, 83 (2019) — DFT indirect gap"
Rb2InInCl6 (cubic),1.4427,cubic,-1.406976,10.1038/s41524-019-0177-0,"Li et al. npj Comput Mater 5, 83 (2019) — DFT indirect gap"
Rb2InSbCl6 (cubic),0.4219,cubic,-1.308971,10.1038/s41524-019-0177-0,"Li et al. npj Comput Mater 5, 83 (2019) — DFT indirect gap"
Rb2TlAlCl6 (cubic),3.6123,cubic,-1.596525,10.1038/s41524-019-0177-0,"Li et al. npj Comput Mater 5, 83 (2019) — DFT indirect gap"
Rb2TlAsCl6 (cubic),1.1449,cubic,-1.258359,10.1038/s41524-019-0177-0,"Li et al. npj Comput Mater 5, 83 (2019) — DFT indirect gap"
Rb2TlBiCl6 (cubic),1.0286,cubic,-1.383649,10.1038/s41524-019-0177-0,"Li et al. npj Comput Mater 5, 83 (2019) — DFT indirect gap"
Rb2TlGaCl6 (cubic),2.3181,cubic,-1.415137,10.1038/s41524-019-0177-0,"Li et al. npj Comput Mater 5, 83 (2019) — DFT indirect gap"
Rb2TlInCl6 (cubic),2.3762,cubic,-1.437849,10.1038/s41524-019-0177-0,"Li et al. npj Comput Mater 5, 83 (2019) — DFT indirect gap"
Rb2TlSbCl6 (cubic),1.0419,cubic,-1.335749,10.1038/s41524-019-0177-0,"Li et al. npj Comput Mater 5, 83 (2019) — DFT indirect gap"
Cs2AgAsI6 (cubic),0.2692,cubic,-0.757022,10.1038/s41524-019-0177-0,"Li et al. npj Comput Mater 5, 83 (2019) — DFT indirect gap"
Cs2AgBiI6 (cubic),0.6515,cubic,-0.871213,10.1038/s41524-019-0177-0,"Li et al. npj Comput Mater 5, 83 (2019) — DFT indirect gap"
Cs2AgSbI6 (cubic),0.3495,cubic,-0.829319,10.1038/s41524-019-0177-0,"Li et al. npj Comput Mater 5, 83 (2019) — DFT indirect gap"
Cs2CuBiI6 (cubic),0.2847,cubic,-0.811441,10.1038/s41524-019-0177-0,"Li et al. npj Comput Mater 5, 83 (2019) — DFT indirect gap"
Cs2InAlI6 (cubic),0.9201,cubic,-0.96886,10.1038/s41524-019-0177-0,"Li et al. npj Comput Mater 5, 83 (2019) — DFT indirect gap"
Cs2InAsI6 (cubic),0.1046,cubic,-0.831161,10.1038/s41524-019-0177-0,"Li et al. npj Comput Mater 5, 83 (2019) — DFT indirect gap"
Cs2InBiI6 (cubic),0.2804,cubic,-0.933605,10.1038/s41524-019-0177-0,"Li et al. npj Comput Mater 5, 83 (2019) — DFT indirect gap"
Cs2InGaI6 (cubic),0.2606,cubic,-0.917094,10.1038/s41524-019-0177-0,"Li et al. npj Comput Mater 5, 83 (2019) — DFT indirect gap"
Cs2InInI6 (cubic),0.0376,cubic,-0.938452,10.1038/s41524-019-0177-0,"Li et al. npj Comput Mater 5, 83 (2019) — DFT indirect gap"
Cs2InSbI6 (cubic),0.1914,cubic,-0.89443,10.1038/s41524-019-0177-0,"Li et al. npj Comput Mater 5, 83 (2019) — DFT indirect gap"
Cs2TlAlI6 (cubic),1.3469,cubic,-0.998564,10.1038/s41524-019-0177-0,"Li et al. npj Comput Mater 5, 83 (2019) — DFT indirect gap"
Cs2TlAsI6 (cubic),0.4876,cubic,-0.845799,10.1038/s41524-019-0177-0,"Li et al. npj Comput Mater 5, 83 (2019) — DFT indirect gap"
Cs2TlBiI6 (cubic),0.2898,cubic,-0.955895,10.1038/s41524-019-0177-0,"Li et al. npj Comput Mater 5, 83 (2019) — DFT indirect gap"
Cs2TlGaI6 (cubic),0.4918,cubic,-0.906398,10.1038/s41524-019-0177-0,"Li et al. npj Comput Mater 5, 83 (2019) — DFT indirect gap"
Cs2TlInI6 (cubic),0.7898,cubic,-0.960016,10.1038/s41524-019-0177-0,"Li et al. npj Comput Mater 5, 83 (2019) — DFT indirect gap"
Cs2TlSbI6 (cubic),0.3599,cubic,-0.913763,10.1038/s41524-019-0177-0,"Li et al. npj Comput Mater 5, 83 (2019) — DFT indirect gap"
K2AgAsI6 (cubic),0.204,cubic,-0.671115,10.1038/s41524-019-0177-0,"Li et al. npj Comput Mater 5, 83 (2019) — DFT indirect gap"
K2AgBiI6 (cubic),0.6179,cubic,-0.771763,10.1038/s41524-019-0177-0,"Li et al. npj Comput Mater 5, 83 (2019) — DFT indirect gap"
K2AgSbI6 (cubic),0.2952,cubic,-0.733345,10.1038/s41524-019-0177-0,"Li et al. npj Comput Mater 5, 83 (2019) — DFT indirect gap"
K2CuBiI6 (cubic),0.2537,cubic,-0.720398,10.1038/s41524-019-0177-0,"Li et al. npj Comput Mater 5, 83 (2019) — DFT indirect gap"
K2InAlI6 (cubic),0.8048,cubic,-0.87026,10.1038/s41524-019-0177-0,"Li et al. npj Comput Mater 5, 83 (2019) — DFT indirect gap"
K2InAsI6 (cubic),0.15,cubic,-0.732296,10.1038/s41524-019-0177-0,"Li et al. npj Comput Mater 5, 83 (2019) — DFT indirect gap"
K2InBiI6 (cubic),0.3548,cubic,-0.823298,10.1038/s41524-019-0177-0,"Li et al. npj Comput Mater 5, 83 (2019) — DFT indirect gap"
K2InGaI6 (cubic),0.1346,cubic,-0.819023,10.1038/s41524-019-0177-0,"Li et al. npj Comput Mater 5, 83 (2019) — DFT indirect gap"
K2InSbI6 (cubic),0.2273,cubic,-0.787048,10.1038/s41524-019-0177-0,"Li et al. npj Comput Mater 5, 83 (2019) — DFT indirect gap"
K2TlAlI6 (cubic),1.3485,cubic,-0.897111,10.1038/s41524-019-0177-0,"Li et al. npj Comput Mater 5, 83 (2019) — DFT indirect gap"
K2TlAsI6 (cubic),0.3625,cubic,-0.742165,10.1038/s41524-019-0177-0,"Li et al. npj Comput Mater 5, 83 (2019) — DFT indirect gap"
K2TlBiI6 (cubic),0.2017,cubic,-0.842896,10.1038/s41524-019-0177-0,"Li et al. npj Comput Mater 5, 83 (2019) — DFT indirect gap"
K2TlGaI6 (cubic),0.4112,cubic,-0.804781,10.1038/s41524-019-0177-0,"Li et al. npj Comput Mater 5, 83 (2019) — DFT indirect gap"
K2TlInI6 (cubic),0.7302,cubic,-0.852193,10.1038/s41524-019-0177-0,"Li et al. npj Comput Mater 5, 83 (2019) — DFT indirect gap"
K2TlSbI6 (cubic),0.26,cubic,-0.803095,10.1038/s41524-019-0177-0,"Li et al. npj Comput Mater 5, 83 (2019) — DFT indirect gap"
Rb2AgAsI6 (cubic),0.2286,cubic,-0.709216,10.1038/s41524-019-0177-0,"Li et al. npj Comput Mater 5, 83 (2019) — DFT indirect gap"
Rb2AgBiI6 (cubic),0.6313,cubic,-0.815377,10.1038/s41524-019-0177-0,"Li et al. npj Comput Mater 5, 83 (2019) — DFT indirect gap"
Rb2AgSbI6 (cubic),0.3161,cubic,-0.775544,10.1038/s41524-019-0177-0,"Li et al. npj Comput Mater 5, 83 (2019) — DFT indirect gap"
Rb2CuBiI6 (cubic),0.2673,cubic,-0.760549,10.1038/s41524-019-0177-0,"Li et al. npj Comput Mater 5, 83 (2019) — DFT indirect gap"
Rb2InAlI6 (cubic),0.8605,cubic,-0.91339,10.1038/s41524-019-0177-0,"Li et al. npj Comput Mater 5, 83 (2019) — DFT indirect gap"
Rb2InAsI6 (cubic),0.1418,cubic,-0.77554,10.1038/s41524-019-0177-0,"Li et al. npj Comput Mater 5, 83 (2019) — DFT indirect gap"
Rb2InBiI6 (cubic),0.3498,cubic,-0.871233,10.1038/s41524-019-0177-0,"Li et al. npj Comput Mater 5, 83 (2019) — DFT indirect gap"
Rb2InGaI6 (cubic),0.1844,cubic,-0.86199,10.1038/s41524-019-0177-0,"Li et al. npj Comput Mater 5, 83 (2019) — DFT indirect gap"
Rb2InSbI6 (cubic),0.2129,cubic,-0.8338,10.1038/s41524-019-0177-0,"Li et al. npj Comput Mater 5, 83 (2019) — DFT indirect gap"
Rb2TlAlI6 (cubic),1.3442,cubic,-0.941399,10.1038/s41524-019-0177-0,"Li et al. npj Comput Mater 5, 83 (2019) — DFT indirect gap"
Rb2TlAsI6 (cubic),0.4124,cubic,-0.787352,10.1038/s41524-019-0177-0,"Li et al. npj Comput Mater 5, 83 (2019) — DFT indirect gap"
Rb2TlBiI6 (cubic),0.2375,cubic,-0.891903,10.1038/s41524-019-0177-0,"Li et al. npj Comput Mater 5, 83 (2019) — DFT indirect gap"
Rb2TlGaI6 (cubic),0.449,cubic,-0.849157,10.1038/s41524-019-0177-0,"Li et al. npj Comput Mater 5, 83 (2019) — DFT indirect gap"
Rb2TlInI6 (cubic),0.7552,cubic,-0.899124,10.1038/s41524-019-0177-0,"Li et al. npj Comput Mater 5, 83 (2019) — DFT indirect gap"
Rb2TlSbI6 (cubic),0.3028,cubic,-0.851161,10.1038/s41524-019-0177-0,"Li et al. npj Comput Mater 5, 83 (2019) — DFT indirect gap"
Cs2AgAlBr6 (orthorhombic),1.0258,orthorhombic,-1.240555,10.1038/s41524-019-0177-0,"Li et al. npj Comput Mater 5, 83 (2019) — DFT indirect gap"
Cs2AgAsBr6 (orthorhombic),0.7785,orthorhombic,-1.012823,10.1038/s41524-019-0177-0,"Li et al. npj Comput Mater 5, 83 (2019) — DFT indirect gap"
Cs2AgBiBr6 (orthorhombic),1.1666,orthorhombic,-1.145992,10.1038/s41524-019-0177-0,"Li et al. npj Comput Mater 5, 83 (2019) — DFT indirect gap"
Cs2AgGaBr6 (orthorhombic),0.5295,orthorhombic,-1.113948,10.1038/s41524-019-0177-0,"Li et al. npj Comput Mater 5, 83 (2019) — DFT indirect gap"
Cs2AgInBr6 (orthorhombic),0.3022,orthorhombic,-1.162708,10.1038/s41524-019-0177-0,"Li et al. npj Comput Mater 5, 83 (2019) — DFT indirect gap"
Cs2AgSbBr6 (orthorhombic),0.8555,orthorhombic,-1.09733,10.1038/s41524-019-0177-0,"Li et al. npj Comput Mater 5, 83 (2019) — DFT indirect gap"
Cs2AuAlBr6 (orthorhombic),2.2396,orthorhombic,-1.164638,10.1038/s41524-019-0177-0,"Li et al. npj Comput Mater 5, 83 (2019) — DFT indirect gap"
Cs2AuBiBr6 (orthorhombic),0.1715,orthorhombic,-1.046326,10.1038/s41524-019-0177-0,"Li et al. npj Comput Mater 5, 83 (2019) — DFT indirect gap"
Cs2AuGaBr6 (orthorhombic),1.2103,orthorhombic,-1.051634,10.1038/s41524-019-0177-0,"Li et al. npj Comput Mater 5, 83 (2019) — DFT indirect gap"
Cs2AuInBr6 (orthorhombic),1.2281,orthorhombic,-1.083947,10.1038/s41524-019-0177-0,"Li et al. npj Comput Mater 5, 83 (2019) — DFT indirect gap"
Cs2CuAlBr6 (orthorhombic),1.5463,orthorhombic,-1.18767,10.1038/s41524-019-0177-0,"Li et al. npj Comput Mater 5, 83 (2019) — DFT indirect gap"
Cs2CuAsBr6 (orthorhombic),0.201,orthorhombic,-0.959181,10.1038/s41524-019-0177-0,"Li et al. npj Comput Mater 5, 83 (2019) — DFT indirect gap"
Cs2CuBiBr6 (orthorhombic),0.5429,orthorhombic,-1.093398,10.1038/s41524-019-0177-0,"Li et al. npj Comput Mater 5, 83 (2019) — DFT indirect gap"
Cs2CuGaBr6 (orthorhombic),0.7958,orthorhombic,-1.079646,10.1038/s41524-019-0177-0,"Li et al. npj Comput Mater 5, 83 (2019) — DFT indirect gap"
Cs2CuInBr6 (orthorhombic),0.4291,orthorhombic,-1.115999,10.1038/s41524-019-0177-0,"Li et al. npj Comput Mater 5, 83 (2019) — DFT indirect gap"
Cs2CuSbBr6 (orthorhombic),0.3218,orthorhombic,-1.045693,10.1038/s41524-019-0177-0,"Li et al. npj Comput Mater 5, 83 (2019) — DFT indirect gap"
Cs2InAlBr6 (orthorhombic),2.0668,orthorhombic,-1.325737,10.1038/s41524-019-0177-0,"Li et al. npj Comput Mater 5, 83 (2019) — DFT indirect gap"
Cs2InAsBr6 (orthorhombic),0.1509,orthorhombic,-1.095476,10.1038/s41524-019-0177-0,"Li et al. npj Comput Mater 5, 83 (2019) — DFT indirect gap"
Cs2InBiBr6 (orthorhombic),0.6112,orthorhombic,-1.22486,10.1038/s41524-019-0177-0,"Li et al. npj Comput Mater 5, 83 (2019) — DFT indirect gap"
Cs2InGaBr6 (orthorhombic),0.6177,orthorhombic,-1.198379,10.1038/s41524-019-0177-0,"Li et al. npj Comput Mater 5, 83 (2019) — DFT indirect gap"
Cs2InInBr6 (orthorhombic),1.0754,orthorhombic,-1.243884,10.1038/s41524-019-0177-0,"Li et al. npj Comput Mater 5, 83 (2019) — DFT indirect gap"
Cs2InSbBr6 (orthorhombic),0.5839,orthorhombic,-1.174041,10.1038/s41524-019-0177-0,"Li et al. npj Comput Mater 5, 83 (2019) — DFT indirect gap"
Cs2TlAlBr6 (orthorhombic),2.5708,orthorhombic,-1.362085,10.1038/s41524-019-0177-0,"Li et al. npj Comput Mater 5, 83 (2019) — DFT indirect gap"
Cs2TlAsBr6 (orthorhombic),1.1689,orthorhombic,-1.117176,10.1038/s41524-019-0177-0,"Li et al. npj Comput Mater 5, 83 (2019) — DFT indirect gap"
Cs2TlBiBr6 (orthorhombic),1.2606,orthorhombic,-1.259659,10.1038/s41524-019-0177-0,"Li et al. npj Comput Mater 5, 83 (2019) — DFT indirect gap"
Cs2TlGaBr6 (orthorhombic),1.5515,orthorhombic,-1.226218,10.1038/s41524-019-0177-0,"Li et al. npj Comput Mater 5, 83 (2019) — DFT indirect gap"
Cs2TlInBr6 (orthorhombic),1.8644,orthorhombic,-1.277337,10.1038/s41524-019-0177-0,"Li et al. npj Comput Mater 5, 83 (2019) — DFT indirect gap"
Cs2TlSbBr6 (orthorhombic),1.2416,orthorhombic,-1.205886,10.1038/s41524-019-0177-0,"Li et al. npj Comput Mater 5, 83 (2019) — DFT indirect gap"
K2AgAlBr6 (orthorhombic),1.8055,orthorhombic,-1.201256,10.1038/s41524-019-0177-0,"Li et al. npj Comput Mater 5, 83 (2019) — DFT indirect gap"
K2AgAsBr6 (orthorhombic),1.2224,orthorhombic,-0.963002,10.1038/s41524-019-0177-0,"Li et al. npj Comput Mater 5, 83 (2019) — DFT indirect gap"
K2AgBiBr6 (orthorhombic),1.4152,orthorhombic,-1.101286,10.1038/s41524-019-0177-0,"Li et al. npj Comput Mater 5, 83 (2019) — DFT indirect gap"
K2AgGaBr6 (orthorhombic),0.8539,orthorhombic,-1.071685,10.1038/s41524-019-0177-0,"Li et al. npj Comput Mater 5, 83 (2019) — DFT indirect gap"
K2AgInBr6 (orthorhombic),1.0475,orthorhombic,-1.121014,10.1038/s41524-019-0177-0,"Li et al. npj Comput Mater 5, 83 (2019) — DFT indirect gap"
K2AgSbBr6 (orthorhombic),1.3449,orthorhombic,-1.048964,10.1038/s41524-019-0177-0,"Li et al. npj Comput Mater 5, 83 (2019) — DFT indirect gap"
K2AuAlBr6 (orthorhombic),2.1912,orthorhombic,-1.118852,10.1038/s41524-019-0177-0,"Li et al. npj Comput Mater 5, 83 (2019) — DFT indirect gap"
K2AuAsBr6 (orthorhombic),1.9325,orthorhombic,-0.89384,10.1038/s41524-019-0177-0,"Li et al. npj Comput Mater 5, 83 (2019) — DFT indirect gap"
K2AuBiBr6 (orthorhombic),2.0364,orthorhombic,-1.02703,10.1038/s41524-019-0177-0,"Li et al. npj Comput Mater 5, 83 (2019) — DFT indirect gap"
K2AuGaBr6 (orthorhombic),1.4898,orthorhombic,-1.003252,10.1038/s41524-019-0177-0,"Li et al. npj Comput Mater 5, 83 (2019) — DFT indirect gap"
K2AuInBr6 (orthorhombic),1.3315,orthorhombic,-1.035463,10.1038/s41524-019-0177-0,"Li et al. npj Comput Mater 5, 83 (2019) — DFT indirect gap"
K2AuSbBr6 (orthorhombic),1.8013,orthorhombic,-0.9724,10.1038/s41524-019-0177-0,"Li et al. npj Comput Mater 5, 83 (2019) — DFT indirect gap"
K2CuAlBr6 (orthorhombic),1.3813,orthorhombic,-1.142732,10.1038/s41524-019-0177-0,"Li et al. npj Comput Mater 5, 83 (2019) — DFT indirect gap"
K2CuAsBr6 (orthorhombic),0.5174,orthorhombic,-0.913358,10.1038/s41524-019-0177-0,"Li et al. npj Comput Mater 5, 83 (2019) — DFT indirect gap"
K2CuBiBr6 (orthorhombic),0.8057,orthorhombic,-1.046612,10.1038/s41524-019-0177-0,"Li et al. npj Comput Mater 5, 83 (2019) — DFT indirect gap"
K2CuGaBr6 (orthorhombic),0.8095,orthorhombic,-1.029946,10.1038/s41524-019-0177-0,"Li et al. npj Comput Mater 5, 83 (2019) — DFT indirect gap"
K2CuInBr6 (orthorhombic),0.4747,orthorhombic,-1.068792,10.1038/s41524-019-0177-0,"Li et al. npj Comput Mater 5, 83 (2019) — DFT indirect gap"
K2CuSbBr6 (orthorhombic),0.6292,orthorhombic,-0.995351,10.1038/s41524-019-0177-0,"Li et al. npj Comput Mater 5, 83 (2019) — DFT indirect gap"
K2InAlBr6 (orthorhombic),2.429,orthorhombic,-1.278415,10.1038/s41524-019-0177-0,"Li et al. npj Comput Mater 5, 83 (2019) — DFT indirect gap"
K2InAsBr6 (orthorhombic),0.9382,orthorhombic,-1.035023,10.1038/s41524-019-0177-0,"Li et al. npj Comput Mater 5, 83 (2019) — DFT indirect gap"
K2InBiBr6 (orthorhombic),1.0211,orthorhombic,-1.174724,10.1038/s41524-019-0177-0,"Li et al. npj Comput Mater 5, 83 (2019) — DFT indirect gap"
K2InGaBr6 (orthorhombic),1.1309,orthorhombic,-1.145518,10.1038/s41524-019-0177-0,"Li et al. npj Comput Mater 5, 83 (2019) — DFT indirect gap"
K2InInBr6 (orthorhombic),1.4473,orthorhombic,-1.195686,10.1038/s41524-019-0177-0,"Li et al. npj Comput Mater 5, 83 (2019) — DFT indirect gap"
K2InSbBr6 (orthorhombic),1.1537,orthorhombic,-1.120946,10.1038/s41524-019-0177-0,"Li et al. npj Comput Mater 5, 83 (2019) — DFT indirect gap"
K2TlAlBr6 (orthorhombic),2.7996,orthorhombic,-1.31827,10.1038/s41524-019-0177-0,"Li et al. npj Comput Mater 5, 83 (2019) — DFT indirect gap"
K2TlAsBr6 (orthorhombic),1.6343,orthorhombic,-1.067664,10.1038/s41524-019-0177-0,"Li et al. npj Comput Mater 5, 83 (2019) — DFT indirect gap"
K2TlBiBr6 (orthorhombic),1.5858,orthorhombic,-1.212784,10.1038/s41524-019-0177-0,"Li et al. npj Comput Mater 5, 83 (2019) — DFT indirect gap"
K2TlGaBr6 (orthorhombic),1.8405,orthorhombic,-1.180662,10.1038/s41524-019-0177-0,"Li et al. npj Comput Mater 5, 83 (2019) — DFT indirect gap"
K2TlInBr6 (orthorhombic),2.0957,orthorhombic,-1.233016,10.1038/s41524-019-0177-0,"Li et al. npj Comput Mater 5, 83 (2019) — DFT indirect gap"
K2TlSbBr6 (orthorhombic),1.6611,orthorhombic,-1.157749,10.1038/s41524-019-0177-0,"Li et al. npj Comput Mater 5, 83 (2019) — DFT indirect gap"
Rb2AgAlBr6 (orthorhombic),1.4842,orthorhombic,-1.211296,10.1038/s41524-019-0177-0,"Li et al. npj Comput Mater 5, 83 (2019) — DFT indirect gap"
Rb2AgAsBr6 (orthorhombic),1.025,orthorhombic,-0.977064,10.1038/s41524-019-0177-0,"Li et al. npj Comput Mater 5, 83 (2019) — DFT indirect gap"
Rb2AgBiBr6 (orthorhombic),1.3147,orthorhombic,-1.114415,10.1038/s41524-019-0177-0,"Li et al. npj Comput Mater 5, 83 (2019) — DFT indirect gap"
Rb2AgGaBr6 (orthorhombic),0.5988,orthorhombic,-1.082972,10.1038/s41524-019-0177-0,"Li et al. npj Comput Mater 5, 83 (2019) — DFT indirect gap"
Rb2AgInBr6 (orthorhombic),0.813,orthorhombic,-1.132471,10.1038/s41524-019-0177-0,"Li et al. npj Comput Mater 5, 83 (2019) — DFT indirect gap"
Rb2AgSbBr6 (orthorhombic),1.1724,orthorhombic,-1.062849,10.1038/s41524-019-0177-0,"Li et al. npj Comput Mater 5, 83 (2019) — DFT indirect gap"
Rb2AuAlBr6 (orthorhombic),2.9416,orthorhombic,-1.174817,10.1038/s41524-019-0177-0,"Li et al. npj Comput Mater 5, 83 (2019) — DFT indirect gap"
Rb2AuBiBr6 (orthorhombic),2.0059,orthorhombic,-1.043006,10.1038/s41524-019-0177-0,"Li et al. npj Comput Mater 5, 83 (2019) — DFT indirect gap"
Rb2AuGaBr6 (orthorhombic),1.515,orthorhombic,-1.020749,10.1038/s41524-019-0177-0,"Li et al. npj Comput Mater 5, 83 (2019) — DFT indirect gap"
Rb2AuInBr6 (orthorhombic),1.314,orthorhombic,-1.052253,10.1038/s41524-019-0177-0,"Li et al. npj Comput Mater 5, 83 (2019) — DFT indirect gap"
Rb2AuSbBr6 (orthorhombic),1.8822,orthorhombic,-0.989692,10.1038/s41524-019-0177-0,"Li et al. npj Comput Mater 5, 83 (2019) — DFT indirect gap"
Rb2CuAlBr6 (orthorhombic),1.2881,orthorhombic,-1.156108,10.1038/s41524-019-0177-0,"Li et al. npj Comput Mater 5, 83 (2019) — DFT indirect gap"
Rb2CuAsBr6 (orthorhombic),0.2772,orthorhombic,-0.928471,10.1038/s41524-019-0177-0,"Li et al. npj Comput Mater 5, 83 (2019) — DFT indirect gap"
Rb2CuBiBr6 (orthorhombic),0.6378,orthorhombic,-1.057915,10.1038/s41524-019-0177-0,"Li et al. npj Comput Mater 5, 83 (2019) — DFT indirect gap"
Rb2CuGaBr6 (orthorhombic),0.7361,orthorhombic,-1.04502,10.1038/s41524-019-0177-0,"Li et al. npj Comput Mater 5, 83 (2019) — DFT indirect gap"
Rb2CuInBr6 (orthorhombic),0.4627,orthorhombic,-1.084116,10.1038/s41524-019-0177-0,"Li et al. npj Comput Mater 5, 83 (2019) — DFT indirect gap"
Rb2CuSbBr6 (orthorhombic),0.4518,orthorhombic,-1.009453,10.1038/s41524-019-0177-0,"Li et al. npj Comput Mater 5, 83 (2019) — DFT indirect gap"
Rb2InAlBr6 (orthorhombic),2.26,orthorhombic,-1.292332,10.1038/s41524-019-0177-0,"Li et al. npj Comput Mater 5, 83 (2019) — DFT indirect gap"
Rb2InAsBr6 (orthorhombic),0.6572,orthorhombic,-1.054011,10.1038/s41524-019-0177-0,"Li et al. npj Comput Mater 5, 83 (2019) — DFT indirect gap"
Rb2InBiBr6 (orthorhombic),0.8686,orthorhombic,-1.19163,10.1038/s41524-019-0177-0,"Li et al. npj Comput Mater 5, 83 (2019) — DFT indirect gap"
Rb2InGaBr6 (orthorhombic),0.9411,orthorhombic,-1.161306,10.1038/s41524-019-0177-0,"Li et al. npj Comput Mater 5, 83 (2019) — DFT indirect gap"
Rb2InInBr6 (orthorhombic),1.282,orthorhombic,-1.211153,10.1038/s41524-019-0177-0,"Li et al. npj Comput Mater 5, 83 (2019) — DFT indirect gap"
Rb2InSbBr6 (orthorhombic),0.9469,orthorhombic,-1.138745,10.1038/s41524-019-0177-0,"Li et al. npj Comput Mater 5, 83 (2019) — DFT indirect gap"
Rb2TlAlBr6 (orthorhombic),2.6972,orthorhombic,-1.331172,10.1038/s41524-019-0177-0,"Li et al. npj Comput Mater 5, 83 (2019) — DFT indirect gap"
Rb2TlAsBr6 (orthorhombic),1.4508,orthorhombic,-1.083484,10.1038/s41524-019-0177-0,"Li et al. npj Comput Mater 5, 83 (2019) — DFT indirect gap"
Rb2TlBiBr6 (orthorhombic),1.4715,orthorhombic,-1.228607,10.1038/s41524-019-0177-0,"Li et al. npj Comput Mater 5, 83 (2019) — DFT indirect gap"
Rb2TlGaBr6 (orthorhombic),1.719,orthorhombic,-1.19451,10.1038/s41524-019-0177-0,"Li et al. npj Comput Mater 5, 83 (2019) — DFT indirect gap"
Rb2TlInBr6 (orthorhombic),2.0361,orthorhombic,-1.24714,10.1038/s41524-019-0177-0,"Li et al. npj Comput Mater 5, 83 (2019) — DFT indirect gap"
Rb2TlSbBr6 (orthorhombic),1.5107,orthorhombic,-1.173773,10.1038/s41524-019-0177-0,"Li et al. npj Comput Mater 5, 83 (2019) — DFT indirect gap"
Cs2AgAlCl6 (orthorhombic),2.1569,orthorhombic,-1.51597,10.1038/s41524-019-0177-0,"Li et al. npj Comput Mater 5, 83 (2019) — DFT indirect gap"
Cs2AgAsCl6 (orthorhombic),1.2717,orthorhombic,-1.20348,10.1038/s41524-019-0177-0,"Li et al. npj Comput Mater 5, 83 (2019) — DFT indirect gap"
Cs2AgBiCl6 (orthorhombic),1.5403,orthorhombic,-1.343961,10.1038/s41524-019-0177-0,"Li et al. npj Comput Mater 5, 83 (2019) — DFT indirect gap"
Cs2AgGaCl6 (orthorhombic),0.8793,orthorhombic,-1.342115,10.1038/s41524-019-0177-0,"Li et al. npj Comput Mater 5, 83 (2019) — DFT indirect gap"
Cs2AgInCl6 (orthorhombic),1.007,orthorhombic,-1.380566,10.1038/s41524-019-0177-0,"Li et al. npj Comput Mater 5, 83 (2019) — DFT indirect gap"
Cs2AgSbCl6 (orthorhombic),1.3456,orthorhombic,-1.293538,10.1038/s41524-019-0177-0,"Li et al. npj Comput Mater 5, 83 (2019) — DFT indirect gap"
Cs2AuAlCl6 (orthorhombic),3.0945,orthorhombic,-1.446185,10.1038/s41524-019-0177-0,"Li et al. npj Comput Mater 5, 83 (2019) — DFT indirect gap"
Cs2AuBiCl6 (orthorhombic),0.3403,orthorhombic,-1.223111,10.1038/s41524-019-0177-0,"Li et al. npj Comput Mater 5, 83 (2019) — DFT indirect gap"
Cs2AuGaCl6 (orthorhombic),1.6446,orthorhombic,-1.261544,10.1038/s41524-019-0177-0,"Li et al. npj Comput Mater 5, 83 (2019) — DFT indirect gap"
Cs2AuInCl6 (orthorhombic),1.4335,orthorhombic,-1.276226,10.1038/s41524-019-0177-0,"Li et al. npj Comput Mater 5, 83 (2019) — DFT indirect gap"
Cs2CuAlCl6 (orthorhombic),1.8101,orthorhombic,-1.464827,10.1038/s41524-019-0177-0,"Li et al. npj Comput Mater 5, 83 (2019) — DFT indirect gap"
Cs2CuAsCl6 (orthorhombic),0.3624,orthorhombic,-1.154574,10.1038/s41524-019-0177-0,"Li et al. npj Comput Mater 5, 83 (2019) — DFT indirect gap"
Cs2CuBiCl6 (orthorhombic),0.671,orthorhombic,-1.298131,10.1038/s41524-019-0177-0,"Li et al. npj Comput Mater 5, 83 (2019) — DFT indirect gap"
Cs2CuGaCl6 (orthorhombic),1.0981,orthorhombic,-1.309474,10.1038/s41524-019-0177-0,"Li et al. npj Comput Mater 5, 83 (2019) — DFT indirect gap"
Cs2CuInCl6 (orthorhombic),0.501,orthorhombic,-1.333607,10.1038/s41524-019-0177-0,"Li et al. npj Comput Mater 5, 83 (2019) — DFT indirect gap"
Cs2CuSbCl6 (orthorhombic),0.5323,orthorhombic,-1.247041,10.1038/s41524-019-0177-0,"Li et al. npj Comput Mater 5, 83 (2019) — DFT indirect gap"
Cs2InAlCl6 (orthorhombic),2.9825,orthorhombic,-1.604651,10.1038/s41524-019-0177-0,"Li et al. npj Comput Mater 5, 83 (2019) — DFT indirect gap"
Cs2InAsCl6 (orthorhombic),0.6284,orthorhombic,-1.284883,10.1038/s41524-019-0177-0,"Li et al. npj Comput Mater 5, 83 (2019) — DFT indirect gap"
Cs2InBiCl6 (orthorhombic),1.081,orthorhombic,-1.424635,10.1038/s41524-019-0177-0,"Li et al. npj Comput Mater 5, 83 (2019) — DFT indirect gap"
Cs2InGaCl6 (orthorhombic),1.5679,orthorhombic,-1.430078,10.1038/s41524-019-0177-0,"Li et al. npj Comput Mater 5, 83 (2019) — DFT indirect gap"
Cs2InInCl6 (orthorhombic),1.8437,orthorhombic,-1.46188,10.1038/s41524-019-0177-0,"Li et al. npj Comput Mater 5, 83 (2019) — DFT indirect gap"
Cs2InSbCl6 (orthorhombic),1.0928,orthorhombic,-1.370473,10.1038/s41524-019-0177-0,"Li et al. npj Comput Mater 5, 83 (2019) — DFT indirect gap"
Cs2TlAlCl6 (orthorhombic),3.6166,orthorhombic,-1.643573,10.1038/s41524-019-0177-0,"Li et al. npj Comput Mater 5, 83 (2019) — DFT indirect gap"
Cs2TlAsCl6 (orthorhombic),1.588,orthorhombic,-1.3128,10.1038/s41524-019-0177-0,"Li et al. npj Comput Mater 5, 83 (2019) — DFT indirect gap"
Cs2TlBiCl6 (orthorhombic),1.7189,orthorhombic,-1.462992,10.1038/s41524-019-0177-0,"Li et al. npj Comput Mater 5, 83 (2019) — DFT indirect gap"
Cs2TlGaCl6 (orthorhombic),2.4604,orthorhombic,-1.463456,10.1038/s41524-019-0177-0,"Li et al. npj Comput Mater 5, 83 (2019) — DFT indirect gap"
Cs2TlInCl6 (orthorhombic),2.6723,orthorhombic,-1.499114,10.1038/s41524-019-0177-0,"Li et al. npj Comput Mater 5, 83 (2019) — DFT indirect gap"
Cs2TlSbCl6 (orthorhombic),1.666,orthorhombic,-1.40657,10.1038/s41524-019-0177-0,"Li et al. npj Comput Mater 5, 83 (2019) — DFT indirect gap"
K2AgAlCl6 (orthorhombic),2.5992,orthorhombic,-1.484078,10.1038/s41524-019-0177-0,"Li et al. npj Comput Mater 5, 83 (2019) — DFT indirect gap"
K2AgAsCl6 (orthorhombic),1.6011,orthorhombic,-1.159301,10.1038/s41524-019-0177-0,"Li et al. npj Comput Mater 5, 83 (2019) — DFT indirect gap"
K2AgBiCl6 (orthorhombic),1.7561,orthorhombic,-1.303726,10.1038/s41524-019-0177-0,"Li et al. npj Comput Mater 5, 83 (2019) — DFT indirect gap"
K2AgGaCl6 (orthorhombic),1.4588,orthorhombic,-1.307862,10.1038/s41524-019-0177-0,"Li et al. npj Comput Mater 5, 83 (2019) — DFT indirect gap"
K2AgInCl6 (orthorhombic),1.5675,orthorhombic,-1.342129,10.1038/s41524-019-0177-0,"Li et al. npj Comput Mater 5, 83 (2019) — DFT indirect gap"
K2AgSbCl6 (orthorhombic),1.7291,orthorhombic,-1.249335,10.1038/s41524-019-0177-0,"Li et al. npj Comput Mater 5, 83 (2019) — DFT indirect gap"
K2AuAlCl6 (orthorhombic),2.6579,orthorhombic,-1.382922,10.1038/s41524-019-0177-0,"Li et al. npj Comput Mater 5, 83 (2019) — DFT indirect gap"
K2AuAsCl6 (orthorhombic),2.0922,orthorhombic,-1.078221,10.1038/s41524-019-0177-0,"Li et al. npj Comput Mater 5, 83 (2019) — DFT indirect gap"
K2AuBiCl6 (orthorhombic),2.2396,orthorhombic,-1.220057,10.1038/s41524-019-0177-0,"Li et al. npj Comput Mater 5, 83 (2019) — DFT indirect gap"
K2AuGaCl6 (orthorhombic),2.0261,orthorhombic,-1.220034,10.1038/s41524-019-0177-0,"Li et al. npj Comput Mater 5, 83 (2019) — DFT indirect gap"
K2AuInCl6 (orthorhombic),1.8298,orthorhombic,-1.23889,10.1038/s41524-019-0177-0,"Li et al. npj Comput Mater 5, 83 (2019) — DFT indirect gap"
K2AuSbCl6 (orthorhombic),2.1145,orthorhombic,-1.166311,10.1038/s41524-019-0177-0,"Li et al. npj Comput Mater 5, 83 (2019) — DFT indirect gap"
K2CuAlCl6 (orthorhombic),1.2013,orthorhombic,-1.24129,10.1038/s41524-019-0177-0,"Li et al. npj Comput Mater 5, 83 (2019) — DFT indirect gap"
K2CuAsCl6 (orthorhombic),0.6427,orthorhombic,-1.119771,10.1038/s41524-019-0177-0,"Li et al. npj Comput Mater 5, 83 (2019) — DFT indirect gap"
K2CuBiCl6 (orthorhombic),1.1863,orthorhombic,-1.261266,10.1038/s41524-019-0177-0,"Li et al. npj Comput Mater 5, 83 (2019) — DFT indirect gap"
K2CuGaCl6 (orthorhombic),0.8205,orthorhombic,-1.268273,10.1038/s41524-019-0177-0,"Li et al. npj Comput Mater 5, 83 (2019) — DFT indirect gap"
K2CuInCl6 (orthorhombic),0.3592,orthorhombic,-1.294703,10.1038/s41524-019-0177-0,"Li et al. npj Comput Mater 5, 83 (2019) — DFT indirect gap"
K2CuSbCl6 (orthorhombic),1.2445,orthorhombic,-1.207369,10.1038/s41524-019-0177-0,"Li et al. npj Comput Mater 5, 83 (2019) — DFT indirect gap"
K2InAlCl6 (orthorhombic),3.3174,orthorhombic,-1.563483,10.1038/s41524-019-0177-0,"Li et al. npj Comput Mater 5, 83 (2019) — DFT indirect gap"
K2InAsCl6 (orthorhombic),1.513,orthorhombic,-1.233664,10.1038/s41524-019-0177-0,"Li et al. npj Comput Mater 5, 83 (2019) — DFT indirect gap"
K2InBiCl6 (orthorhombic),1.5136,orthorhombic,-1.382938,10.1038/s41524-019-0177-0,"Li et al. npj Comput Mater 5, 83 (2019) — DFT indirect gap"
K2InGaCl6 (orthorhombic),2.0393,orthorhombic,-1.385073,10.1038/s41524-019-0177-0,"Li et al. npj Comput Mater 5, 83 (2019) — DFT indirect gap"
K2InInCl6 (orthorhombic),2.1947,orthorhombic,-1.421448,10.1038/s41524-019-0177-0,"Li et al. npj Comput Mater 5, 83 (2019) — DFT indirect gap"
K2InSbCl6 (orthorhombic),1.6865,orthorhombic,-1.326303,10.1038/s41524-019-0177-0,"Li et al. npj Comput Mater 5, 83 (2019) — DFT indirect gap"
K2TlAlCl6 (orthorhombic),3.7537,orthorhombic,-1.605696,10.1038/s41524-019-0177-0,"Li et al. npj Comput Mater 5, 83 (2019) — DFT indirect gap"
K2TlAsCl6 (orthorhombic),2.1296,orthorhombic,-1.270554,10.1038/s41524-019-0177-0,"Li et al. npj Comput Mater 5, 83 (2019) — DFT indirect gap"
K2TlBiCl6 (orthorhombic),2.0945,orthorhombic,-1.423564,10.1038/s41524-019-0177-0,"Li et al. npj Comput Mater 5, 83 (2019) — DFT indirect gap"
K2TlGaCl6 (orthorhombic),2.7794,orthorhombic,-1.424418,10.1038/s41524-019-0177-0,"Li et al. npj Comput Mater 5, 83 (2019) — DFT indirect gap"
K2TlInCl6 (orthorhombic),2.919,orthorhombic,-1.461932,10.1038/s41524-019-0177-0,"Li et al. npj Comput Mater 5, 83 (2019) — DFT indirect gap"
K2TlSbCl6 (orthorhombic),2.1407,orthorhombic,-1.366031,10.1038/s41524-019-0177-0,"Li et al. npj Comput Mater 5, 83 (2019) — DFT indirect gap"
Rb2AgAlCl6 (orthorhombic),2.2615,orthorhombic,-1.493382,10.1038/s41524-019-0177-0,"Li et al. npj Comput Mater 5, 83 (2019) — DFT indirect gap"
Rb2AgAsCl6 (orthorhombic),1.3779,orthorhombic,-1.172009,10.1038/s41524-019-0177-0,"Li et al. npj Comput Mater 5, 83 (2019) — DFT indirect gap"
Rb2AgBiCl6 (orthorhombic),1.6589,orthorhombic,-1.314065,10.1038/s41524-019-0177-0,"Li et al. npj Comput Mater 5, 83 (2019) — DFT indirect gap"
Rb2AgGaCl6 (orthorhombic),1.0358,orthorhombic,-1.317637,10.1038/s41524-019-0177-0,"Li et al. npj Comput Mater 5, 83 (2019) — DFT indirect gap"
Rb2AgInCl6 (orthorhombic),1.3193,orthorhombic,-1.35126,10.1038/s41524-019-0177-0,"Li et al. npj Comput Mater 5, 83 (2019) — DFT indirect gap"
Rb2AgSbCl6 (orthorhombic),1.549,orthorhombic,-1.260702,10.1038/s41524-019-0177-0,"Li et al. npj Comput Mater 5, 83 (2019) — DFT indirect gap"
Rb2AuAlCl6 (orthorhombic),2.7104,orthorhombic,-1.393443,10.1038/s41524-019-0177-0,"Li et al. npj Comput Mater 5, 83 (2019) — DFT indirect gap"
Rb2AuAsCl6 (orthorhombic),2.1674,orthorhombic,-1.089338,10.1038/s41524-019-0177-0,"Li et al. npj Comput Mater 5, 83 (2019) — DFT indirect gap"
Rb2AuBiCl6 (orthorhombic),2.253,orthorhombic,-1.235962,10.1038/s41524-019-0177-0,"Li et al. npj Comput Mater 5, 83 (2019) — DFT indirect gap"
Rb2AuGaCl6 (orthorhombic),2.0708,orthorhombic,-1.234185,10.1038/s41524-019-0177-0,"Li et al. npj Comput Mater 5, 83 (2019) — DFT indirect gap"
Rb2AuInCl6 (orthorhombic),1.7497,orthorhombic,-1.249715,10.1038/s41524-019-0177-0,"Li et al. npj Comput Mater 5, 83 (2019) — DFT indirect gap"
Rb2AuSbCl6 (orthorhombic),2.1466,orthorhombic,-1.181227,10.1038/s41524-019-0177-0,"Li et al. npj Comput Mater 5, 83 (2019) — DFT indirect gap"
Rb2CuAlCl6 (orthorhombic),1.4505,orthorhombic,-1.439781,10.1038/s41524-019-0177-0,"Li et al. npj Comput Mater 5, 83 (2019) — DFT indirect gap"
Rb2CuAsCl6 (orthorhombic),0.5129,orthorhombic,-1.136416,10.1038/s41524-019-0177-0,"Li et al. npj Comput Mater 5, 83 (2019) — DFT indirect gap"
Rb2CuBiCl6 (orthorhombic),1.3267,orthorhombic,-1.271772,10.1038/s41524-019-0177-0,"Li et al. npj Comput Mater 5, 83 (2019) — DFT indirect gap"
Rb2CuGaCl6 (orthorhombic),0.7079,orthorhombic,-1.281493,10.1038/s41524-019-0177-0,"Li et al. npj Comput Mater 5, 83 (2019) — DFT indirect gap"
Rb2CuInCl6 (orthorhombic),0.1536,orthorhombic,-1.305818,10.1038/s41524-019-0177-0,"Li et al. npj Comput Mater 5, 83 (2019) — DFT indirect gap"
Rb2CuSbCl6 (orthorhombic),0.655,orthorhombic,-1.217151,10.1038/s41524-019-0177-0,"Li et al. npj Comput Mater 5, 83 (2019) — DFT indirect gap"
Rb2InAlCl6 (orthorhombic),3.1603,orthorhombic,-1.573592,10.1038/s41524-019-0177-0,"Li et al. npj Comput Mater 5, 83 (2019) — DFT indirect gap"
Rb2InAsCl6 (orthorhombic),1.2101,orthorhombic,-1.248332,10.1038/s41524-019-0177-0,"Li et al. npj Comput Mater 5, 83 (2019) — DFT indirect gap"
Rb2InBiCl6 (orthorhombic),1.3492,orthorhombic,-1.396088,10.1038/s41524-019-0177-0,"Li et al. npj Comput Mater 5, 83 (2019) — DFT indirect gap"
Rb2InGaCl6 (orthorhombic),1.8549,orthorhombic,-1.396806,10.1038/s41524-019-0177-0,"Li et al. npj Comput Mater 5, 83 (2019) — DFT indirect gap"
Rb2InInCl6 (orthorhombic),2.0694,orthorhombic,-1.433161,10.1038/s41524-019-0177-0,"Li et al. npj Comput Mater 5, 83 (2019) — DFT indirect gap"
Rb2InSbCl6 (orthorhombic),1.4543,orthorhombic,-1.340035,10.1038/s41524-019-0177-0,"Li et al. npj Comput Mater 5, 83 (2019) — DFT indirect gap"
Rb2TlAlCl6 (orthorhombic),3.6754,orthorhombic,-1.61497,10.1038/s41524-019-0177-0,"Li et al. npj Comput Mater 5, 83 (2019) — DFT indirect gap"
Rb2TlAsCl6 (orthorhombic),1.9166,orthorhombic,-1.282856,10.1038/s41524-019-0177-0,"Li et al. npj Comput Mater 5, 83 (2019) — DFT indirect gap"
Rb2TlBiCl6 (orthorhombic),1.9577,orthorhombic,-1.436002,10.1038/s41524-019-0177-0,"Li et al. npj Comput Mater 5, 83 (2019) — DFT indirect gap"
Rb2TlGaCl6 (orthorhombic),2.6567,orthorhombic,-1.434543,10.1038/s41524-019-0177-0,"Li et al. npj Comput Mater 5, 83 (2019) — DFT indirect gap"
Rb2TlInCl6 (orthorhombic),2.8388,orthorhombic,-1.472527,10.1038/s41524-019-0177-0,"Li et al. npj Comput Mater 5, 83 (2019) — DFT indirect gap"
Rb2TlSbCl6 (orthorhombic),1.9664,orthorhombic,-1.37865,10.1038/s41524-019-0177-0,"Li et al. npj Comput Mater 5, 83 (2019) — DFT indirect gap"
Cs2AgAlI6 (orthorhombic),0.8116,orthorhombic,-0.896864,10.1038/s41524-019-0177-0,"Li et al. npj Comput Mater 5, 83 (2019) — DFT indirect gap"
Cs2AgAsI6 (orthorhombic),0.2816,orthorhombic,-0.756875,10.1038/s41524-019-0177-0,"Li et al. npj Comput Mater 5, 83 (2019) — DFT indirect gap"
Cs2AgBiI6 (orthorhombic),0.7825,orthorhombic,-0.876138,10.1038/s41524-019-0177-0,"Li et al. npj Comput Mater 5, 83 (2019) — DFT indirect gap"
Cs2AgGaI6 (orthorhombic),0.5187,orthorhombic,-0.821309,10.1038/s41524-019-0177-0,"Li et al. npj Comput Mater 5, 83 (2019) — DFT indirect gap"
Cs2AgInI6 (orthorhombic),0.4092,orthorhombic,-0.875527,10.1038/s41524-019-0177-0,"Li et al. npj Comput Mater 5, 83 (2019) — DFT indirect gap"
Cs2AgSbI6 (orthorhombic),0.5516,orthorhombic,-0.830863,10.1038/s41524-019-0177-0,"Li et al. npj Comput Mater 5, 83 (2019) — DFT indirect gap"
Cs2AuAlI6 (orthorhombic),1.7988,orthorhombic,-0.856429,10.1038/s41524-019-0177-0,"Li et al. npj Comput Mater 5, 83 (2019) — DFT indirect gap"
Cs2AuBiI6 (orthorhombic),0.0997,orthorhombic,-0.807736,10.1038/s41524-019-0177-0,"Li et al. npj Comput Mater 5, 83 (2019) — DFT indirect gap"
Cs2AuGaI6 (orthorhombic),0.711,orthorhombic,-0.788026,10.1038/s41524-019-0177-0,"Li et al. npj Comput Mater 5, 83 (2019) — DFT indirect gap"
Cs2AuInI6 (orthorhombic),0.7908,orthorhombic,-0.831847,10.1038/s41524-019-0177-0,"Li et al. npj Comput Mater 5, 83 (2019) — DFT indirect gap"
Cs2CuAlI6 (orthorhombic),1.1815,orthorhombic,-0.845586,10.1038/s41524-019-0177-0,"Li et al. npj Comput Mater 5, 83 (2019) — DFT indirect gap"
Cs2CuBiI6 (orthorhombic),0.4616,orthorhombic,-0.816963,10.1038/s41524-019-0177-0,"Li et al. npj Comput Mater 5, 83 (2019) — DFT indirect gap"
Cs2CuGaI6 (orthorhombic),0.5666,orthorhombic,-0.781224,10.1038/s41524-019-0177-0,"Li et al. npj Comput Mater 5, 83 (2019) — DFT indirect gap"
Cs2CuInI6 (orthorhombic),0.6155,orthorhombic,-0.826814,10.1038/s41524-019-0177-0,"Li et al. npj Comput Mater 5, 83 (2019) — DFT indirect gap"
Cs2CuSbI6 (orthorhombic),0.2081,orthorhombic,-0.771133,10.1038/s41524-019-0177-0,"Li et al. npj Comput Mater 5, 83 (2019) — DFT indirect gap"
Cs2InAlI6 (orthorhombic),1.0898,orthorhombic,-0.971329,10.1038/s41524-019-0177-0,"Li et al. npj Comput Mater 5, 83 (2019) — DFT indirect gap"
Cs2InAsI6 (orthorhombic),0.0081,orthorhombic,-0.830548,10.1038/s41524-019-0177-0,"Li et al. npj Comput Mater 5, 83 (2019) — DFT indirect gap"
Cs2InBiI6 (orthorhombic),0.2795,orthorhombic,-0.946102,10.1038/s41524-019-0177-0,"Li et al. npj Comput Mater 5, 83 (2019) — DFT indirect gap"
Cs2InGaI6 (orthorhombic),0.4448,orthorhombic,-0.918745,10.1038/s41524-019-0177-0,"Li et al. npj Comput Mater 5, 83 (2019) — DFT indirect gap"
Cs2InInI6 (orthorhombic),0.3965,orthorhombic,-0.944352,10.1038/s41524-019-0177-0,"Li et al. npj Comput Mater 5, 83 (2019) — DFT indirect gap"
Cs2InSbI6 (orthorhombic),0.304,orthorhombic,-0.900476,10.1038/s41524-019-0177-0,"Li et al. npj Comput Mater 5, 83 (2019) — DFT indirect gap"
Cs2TlAlI6 (orthorhombic),1.4478,orthorhombic,-1.005308,10.1038/s41524-019-0177-0,"Li et al. npj Comput Mater 5, 83 (2019) — DFT indirect gap"
Cs2TlAsI6 (orthorhombic),0.8489,orthorhombic,-0.851097,10.1038/s41524-019-0177-0,"Li et al. npj Comput Mater 5, 83 (2019) — DFT indirect gap"
Cs2TlBiI6 (orthorhombic),0.8517,orthorhombic,-0.97846,10.1038/s41524-019-0177-0,"Li et al. npj Comput Mater 5, 83 (2019) — DFT indirect gap"
Cs2TlGaI6 (orthorhombic),0.636,orthorhombic,-0.912208,10.1038/s41524-019-0177-0,"Li et al. npj Comput Mater 5, 83 (2019) — DFT indirect gap"
Cs2TlInI6 (orthorhombic),1.0243,orthorhombic,-0.974553,10.1038/s41524-019-0177-0,"Li et al. npj Comput Mater 5, 83 (2019) — DFT indirect gap"
Cs2TlSbI6 (orthorhombic),0.9189,orthorhombic,-0.929734,10.1038/s41524-019-0177-0,"Li et al. npj Comput Mater 5, 83 (2019) — DFT indirect gap"
K2AgAlI6 (orthorhombic),1.0595,orthorhombic,-0.852607,10.1038/s41524-019-0177-0,"Li et al. npj Comput Mater 5, 83 (2019) — DFT indirect gap"
K2AgAsI6 (orthorhombic),0.8718,orthorhombic,-0.705057,10.1038/s41524-019-0177-0,"Li et al. npj Comput Mater 5, 83 (2019) — DFT indirect gap"
K2AgBiI6 (orthorhombic),1.0267,orthorhombic,-0.827302,10.1038/s41524-019-0177-0,"Li et al. npj Comput Mater 5, 83 (2019) — DFT indirect gap"
K2AgGaI6 (orthorhombic),0.5749,orthorhombic,-0.771155,10.1038/s41524-019-0177-0,"Li et al. npj Comput Mater 5, 83 (2019) — DFT indirect gap"
K2AgInI6 (orthorhombic),0.6171,orthorhombic,-0.827364,10.1038/s41524-019-0177-0,"Li et al. npj Comput Mater 5, 83 (2019) — DFT indirect gap"
K2AgSbI6 (orthorhombic),0.9636,orthorhombic,-0.780066,10.1038/s41524-019-0177-0,"Li et al. npj Comput Mater 5, 83 (2019) — DFT indirect gap"
K2AuAlI6 (orthorhombic),1.7916,orthorhombic,-0.801782,10.1038/s41524-019-0177-0,"Li et al. npj Comput Mater 5, 83 (2019) — DFT indirect gap"
K2AuAsI6 (orthorhombic),1.5857,orthorhombic,-0.662768,10.1038/s41524-019-0177-0,"Li et al. npj Comput Mater 5, 83 (2019) — DFT indirect gap"
K2AuBiI6 (orthorhombic),0.0997,orthorhombic,-0.807736,10.1038/s41524-019-0177-0,"Li et al. npj Comput Mater 5, 83 (2019) — DFT indirect gap"
K2AuGaI6 (orthorhombic),0.707,orthorhombic,-0.73117,10.1038/s41524-019-0177-0,"Li et al. npj Comput Mater 5, 83 (2019) — DFT indirect gap"
K2AuInI6 (orthorhombic),0.8704,orthorhombic,-0.774735,10.1038/s41524-019-0177-0,"Li et al. npj Comput Mater 5, 83 (2019) — DFT indirect gap"
K2AuSbI6 (orthorhombic),1.6469,orthorhombic,-0.732138,10.1038/s41524-019-0177-0,"Li et al. npj Comput Mater 5, 83 (2019) — DFT indirect gap"
K2CuAlI6 (orthorhombic),1.3283,orthorhombic,-0.7937,10.1038/s41524-019-0177-0,"Li et al. npj Comput Mater 5, 83 (2019) — DFT indirect gap"
K2CuAsI6 (orthorhombic),0.4083,orthorhombic,-0.645236,10.1038/s41524-019-0177-0,"Li et al. npj Comput Mater 5, 83 (2019) — DFT indirect gap"
K2CuBiI6 (orthorhombic),0.6416,orthorhombic,-0.76513,10.1038/s41524-019-0177-0,"Li et al. npj Comput Mater 5, 83 (2019) — DFT indirect gap"
K2CuGaI6 (orthorhombic),0.4593,orthorhombic,-0.72649,10.1038/s41524-019-0177-0,"Li et al. npj Comput Mater 5, 83 (2019) — DFT indirect gap"
K2CuInI6 (orthorhombic),0.5467,orthorhombic,-0.772741,10.1038/s41524-019-0177-0,"Li et al. npj Comput Mater 5, 83 (2019) — DFT indirect gap"
K2CuSbI6 (orthorhombic),0.4952,orthorhombic,-0.718434,10.1038/s41524-019-0177-0,"Li et al. npj Comput Mater 5, 83 (2019) — DFT indirect gap"
K2InAlI6 (orthorhombic),1.3827,orthorhombic,-0.918496,10.1038/s41524-019-0177-0,"Li et al. npj Comput Mater 5, 83 (2019) — DFT indirect gap"
K2InAsI6 (orthorhombic),0.5268,orthorhombic,-0.766511,10.1038/s41524-019-0177-0,"Li et al. npj Comput Mater 5, 83 (2019) — DFT indirect gap"
K2InBiI6 (orthorhombic),0.5802,orthorhombic,-0.888926,10.1038/s41524-019-0177-0,"Li et al. npj Comput Mater 5, 83 (2019) — DFT indirect gap"
K2InGaI6 (orthorhombic),0.7663,orthorhombic,-0.864814,10.1038/s41524-019-0177-0,"Li et al. npj Comput Mater 5, 83 (2019) — DFT indirect gap"
K2InInI6 (orthorhombic),0.6951,orthorhombic,-0.88896,10.1038/s41524-019-0177-0,"Li et al. npj Comput Mater 5, 83 (2019) — DFT indirect gap"
K2InSbI6 (orthorhombic),0.7056,orthorhombic,-0.840849,10.1038/s41524-019-0177-0,"Li et al. npj Comput Mater 5, 83 (2019) — DFT indirect gap"
K2TlAlI6 (orthorhombic),1.6961,orthorhombic,-0.955623,10.1038/s41524-019-0177-0,"Li et al. npj Comput Mater 5, 83 (2019) — DFT indirect gap"
K2TlAsI6 (orthorhombic),1.173,orthorhombic,-0.796343,10.1038/s41524-019-0177-0,"Li et al. npj Comput Mater 5, 83 (2019) — DFT indirect gap"
K2TlBiI6 (orthorhombic),1.088,orthorhombic,-0.924914,10.1038/s41524-019-0177-0,"Li et al. npj Comput Mater 5, 83 (2019) — DFT indirect gap"
K2TlGaI6 (orthorhombic),0.8671,orthorhombic,-0.860636,10.1038/s41524-019-0177-0,"Li et al. npj Comput Mater 5, 83 (2019) — DFT indirect gap"
K2TlInI6 (orthorhombic),1.2492,orthorhombic,-0.923076,10.1038/s41524-019-0177-0,"Li et al. npj Comput Mater 5, 83 (2019) — DFT indirect gap"
K2TlSbI6 (orthorhombic),1.2075,orthorhombic,-0.875102,10.1038/s41524-019-0177-0,"Li et al. npj Comput Mater 5, 83 (2019) — DFT indirect gap"
Rb2AgAlI6 (orthorhombic),0.8823,orthorhombic,-0.865801,10.1038/s41524-019-0177-0,"Li et al. npj Comput Mater 5, 83 (2019) — DFT indirect gap"
Rb2AgAsI6 (orthorhombic),0.6606,orthorhombic,-0.72059,10.1038/s41524-019-0177-0,"Li et al. npj Comput Mater 5, 83 (2019) — DFT indirect gap"
Rb2AgBiI6 (orthorhombic),0.9444,orthorhombic,-0.843084,10.1038/s41524-019-0177-0,"Li et al. npj Comput Mater 5, 83 (2019) — DFT indirect gap"
Rb2AgGaI6 (orthorhombic),0.5923,orthorhombic,-0.787902,10.1038/s41524-019-0177-0,"Li et al. npj Comput Mater 5, 83 (2019) — DFT indirect gap"
Rb2AgInI6 (orthorhombic),0.5097,orthorhombic,-0.842629,10.1038/s41524-019-0177-0,"Li et al. npj Comput Mater 5, 83 (2019) — DFT indirect gap"
Rb2AgSbI6 (orthorhombic),0.8157,orthorhombic,-0.796277,10.1038/s41524-019-0177-0,"Li et al. npj Comput Mater 5, 83 (2019) — DFT indirect gap"
Rb2AuAlI6 (orthorhombic),1.7762,orthorhombic,-0.821339,10.1038/s41524-019-0177-0,"Li et al. npj Comput Mater 5, 83 (2019) — DFT indirect gap"
Rb2AuBiI6 (orthorhombic),1.6172,orthorhombic,-0.80392,10.1038/s41524-019-0177-0,"Li et al. npj Comput Mater 5, 83 (2019) — DFT indirect gap"
Rb2AuGaI6 (orthorhombic),0.7292,orthorhombic,-0.75225,10.1038/s41524-019-0177-0,"Li et al. npj Comput Mater 5, 83 (2019) — DFT indirect gap"
Rb2AuInI6 (orthorhombic),0.8177,orthorhombic,-0.795363,10.1038/s41524-019-0177-0,"Li et al. npj Comput Mater 5, 83 (2019) — DFT indirect gap"
Rb2AuSbI6 (orthorhombic),1.6525,orthorhombic,-0.75511,10.1038/s41524-019-0177-0,"Li et al. npj Comput Mater 5, 83 (2019) — DFT indirect gap"
Rb2CuAlI6 (orthorhombic),1.3409,orthorhombic,-0.811843,10.1038/s41524-019-0177-0,"Li et al. npj Comput Mater 5, 83 (2019) — DFT indirect gap"
Rb2CuAsI6 (orthorhombic),0.3489,orthorhombic,-0.666386,10.1038/s41524-019-0177-0,"Li et al. npj Comput Mater 5, 83 (2019) — DFT indirect gap"
Rb2CuBiI6 (orthorhombic),0.4945,orthorhombic,-0.777287,10.1038/s41524-019-0177-0,"Li et al. npj Comput Mater 5, 83 (2019) — DFT indirect gap"
Rb2CuGaI6 (orthorhombic),0.4852,orthorhombic,-0.745259,10.1038/s41524-019-0177-0,"Li et al. npj Comput Mater 5, 83 (2019) — DFT indirect gap"
Rb2CuInI6 (orthorhombic),0.5673,orthorhombic,-0.791732,10.1038/s41524-019-0177-0,"Li et al. npj Comput Mater 5, 83 (2019) — DFT indirect gap"
Rb2CuSbI6 (orthorhombic),0.4434,orthorhombic,-0.7358,10.1038/s41524-019-0177-0,"Li et al. npj Comput Mater 5, 83 (2019) — DFT indirect gap"
Rb2InAlI6 (orthorhombic),1.2484,orthorhombic,-0.935986,10.1038/s41524-019-0177-0,"Li et al. npj Comput Mater 5, 83 (2019) — DFT indirect gap"
Rb2InAsI6 (orthorhombic),0.368,orthorhombic,-0.788106,10.1038/s41524-019-0177-0,"Li et al. npj Comput Mater 5, 83 (2019) — DFT indirect gap"
Rb2InBiI6 (orthorhombic),0.4701,orthorhombic,-0.909009,10.1038/s41524-019-0177-0,"Li et al. npj Comput Mater 5, 83 (2019) — DFT indirect gap"
Rb2InGaI6 (orthorhombic),0.6304,orthorhombic,-0.882771,10.1038/s41524-019-0177-0,"Li et al. npj Comput Mater 5, 83 (2019) — DFT indirect gap"
Rb2InInI6 (orthorhombic),0.5564,orthorhombic,-0.908145,10.1038/s41524-019-0177-0,"Li et al. npj Comput Mater 5, 83 (2019) — DFT indirect gap"
Rb2InSbI6 (orthorhombic),0.5575,orthorhombic,-0.861772,10.1038/s41524-019-0177-0,"Li et al. npj Comput Mater 5, 83 (2019) — DFT indirect gap"
Rb2TlAlI6 (orthorhombic),1.5921,orthorhombic,-0.972069,10.1038/s41524-019-0177-0,"Li et al. npj Comput Mater 5, 83 (2019) — DFT indirect gap"
Rb2TlAsI6 (orthorhombic),1.0584,orthorhombic,-0.814923,10.1038/s41524-019-0177-0,"Li et al. npj Comput Mater 5, 83 (2019) — DFT indirect gap"
Rb2TlBiI6 (orthorhombic),1.0077,orthorhombic,-0.943624,10.1038/s41524-019-0177-0,"Li et al. npj Comput Mater 5, 83 (2019) — DFT indirect gap"
Rb2TlGaI6 (orthorhombic),0.7727,orthorhombic,-0.877934,10.1038/s41524-019-0177-0,"Li et al. npj Comput Mater 5, 83 (2019) — DFT indirect gap"
Rb2TlInI6 (orthorhombic),1.1472,orthorhombic,-0.940822,10.1038/s41524-019-0177-0,"Li et al. npj Comput Mater 5, 83 (2019) — DFT indirect gap"
Rb2TlSbI6 (orthorhombic),1.0951,orthorhombic,-0.894207,10.1038/s41524-019-0177-0,"Li et al. npj Comput Mater 5, 83 (2019) — DFT indirect gap"
