ml_a,ml_b,bilayer_eg_eV,delta_ev_eV,delta_ec_eV
1T-AsSn2,-,-96.4,-88.5,0.0
1T-AuTe2,-67.3,-74.3,-75.1,0.0
1T-BiTe2,-,-81.7,-83.1,0.0
1T-CaI2,-15.2,-9.9,-15.3,3.85
1T-CdBr2,-11.2,-10.8,-17.5,3.27
1T-CdCl2,-11.2,-11.0,-17.8,3.94
1T-CdI2,-12.5,-10.7,-17.2,2.43
1T-CoBr2,-13.9,-16.8,-23.3,0.38
1T-CoCl2,-14.5,-16.2,-22.3,0.37
1T-CoI2,-12.5,-18.3,-24.3,0.0
1T-CoO2,-39.3,-22.6,-34.2,0.0
1T-CoTe2,-50.6,-51.4,-50.7,0.0
1T-CrS2,-,-53.0,-59.1,0.0
1T-CrSe2,-36.0,-23.3,-29.7,0.0
1T-CrTe2,-33.4,-41.1,-45.3,0.0
1T-FeBr2,-14.7,-15.5,-22.2,0.0
1T-FeCl2,-10.6,-15.3,-22.1,0.0
1T-FeI2,-16.2,-16.9,-23.3,0.0
1T-GeBr2,-,-10.8,-16.5,2.35
1T-GeI2,-12.2,-12.1,-17.6,2.14
1T-HfS2,-27.9,-18.1,-23.2,1.24
1T-HfSe2,-23.7,-18.8,-23.9,0.58
1T-HfTe2,-25.6,-23.4,-26.4,0.0
1T-HgBr2,-,-10.9,-18.5,2.73
1T-IrTe2,-50.5,-55.0,-55.1,0.0
1T-MgBr2,-13.5,-10.2,-15.3,4.76
1T-MgCl2,-12.0,-12.3,-17.7,6.02
1T-MgI2,-13.8,-10.8,-16.2,3.62
1T-MnBr2,-13.2,-15.4,-22.2,2.88
1T-MnCl2,-11.0,-14.8,-21.5,3.72
1T-MnI2,-14.8,-17.0,-23.3,1.89
1T-MoS2,-41.7,-28.6,-33.5,0.0
1T-NBa2,-136.4,-44.0,-45.2,0.0
1T-NCa2,-135.0,-71.7,-71.4,0.0
1T-NSr2,-128.4,-57.2,-57.1,0.0
1T-NbS2,-42.3,-27.2,-30.9,0.0
1T-NbSe2,-37.8,-28.3,-32.7,0.0
1T-NbTe2,-34.4,-28.3,-31.8,0.0
1T-NiBr2,-14.2,-18.1,-24.4,1.35
1T-NiCl2,-15.5,-16.3,-22.6,1.5
1T-NiI2,-16.0,-21.5,-26.9,0.98
1T-NiO2,-6.0,-17.0,-28.5,1.31
1T-CaI2,1T-CdBr2,3.48,0.84,1.07
1T-CaI2,1T-CdCl2,3.59,1.77,0.97
1T-CaI2,1T-GeBr2,2.96,0.14,1.6
1T-CaI2,1T-HgBr2,3.2,0.59,1.36
1T-CaI2,1T-PtO2,2.56,0.94,2.0
1T-CaI2,1T-ZnCl2,4.43,1.7,0.13
1T-CdI2,1T-CdBr2,2.94,1.38,0.05
1T-MgI2,1T-CdBr2,3.1,1.22,1.06
1T-STl2,1T-CdBr2,1.54,2.78,0.35
1T-YbI2,1T-CdBr2,1.57,2.75,0.79
1T-ZnBr2,1T-CdBr2,4.2,0.12,0.41
1T-MgBr2,1T-CdCl2,4.65,0.71,1.21
1T-MgI2,1T-CdCl2,3.21,2.15,0.95
1T-CdCl2,1T-NiO2,2.19,1.11,3.17
1T-STl2,1T-CdCl2,1.64,3.71,0.24
1T-YbI2,1T-CdCl2,1.67,3.68,0.68
1T-ZnBr2,1T-CdCl2,4.31,1.05,0.3
1T-ZnCl2,1T-CdCl2,5.29,0.07,0.84
1T-CdI2,1T-GeBr2,2.42,0.68,0.57
1T-CdI2,1T-HfS2,1.55,0.5,1.45
1T-CdI2,1T-HgBr2,2.66,1.13,0.33
1T-CdI2,1T-PbI2,2.49,0.16,0.5
1T-CdI2,1T-PtS2,2.3,0.36,0.69
1T-STl2,1T-CdI2,1.59,1.41,0.3
1T-CdI2,1T-SnS2,1.59,0.89,1.4
1T-YbI2,1T-CdI2,1.62,1.37,0.74
1T-CdI2,1T-ZrS2,1.31,0.64,1.68
1T-MgI2,1T-GeBr2,2.58,0.52,1.59
1T-GeBr2,1T-NiO2,0.56,2.74,2.54
1T-OTl2,1T-GeBr2,1.26,1.83,0.25
1T-GeBr2,1T-PtO2,2.69,0.81,0.4
1T-PtSe2,1T-GeBr2,1.71,1.38,0.01
1T-PtTe2,1T-GeBr2,0.38,2.72,0.25
1T-STl2,1T-GeBr2,1.01,2.08,0.88
1T-GeBr2,1T-SnS2,2.27,0.22,0.83
1T-YbI2,1T-GeBr2,1.04,2.05,1.31
1T-ZnI2,1T-GeBr2,2.3,0.8,0.29
2H-GeI2,1T-GeBr2,2.17,0.92,0.19
2H-WS2,1T-GeBr2,1.94,1.15,0.26
1T-GeI2,1T-PbI2,2.27,0.38,0.37
1T-GeI2,1T-PtO2,1.8,1.7,0.84
1T-GeI2,1T-PtS2,2.08,0.57,0.56
1T-STl2,1T-GeI2,1.45,1.19,0.44
1T-GeI2,1T-SnSe2,1.17,0.28,1.47
1T-GeI2,1T-TiS2,0.63,0.08,2.0
1T-YbI2,1T-GeI2,1.48,1.16,0.88
1T-GeI2,1T-ZnI2,2.49,0.1,0.15
1T-GeI2,2H-MoS2,2.13,0.09,0.51
1T-MgI2,1T-HfS2,1.71,0.34,2.46
1T-CaI2,1T-NiO2,0.42,0.61,2.87
1T-CaI2,1T-SnS2,2.13,2.3,0.35
1T-CaI2,1T-ZnBr2,3.89,4.01,0.72
1T-CaI2,1T-ZrS2,1.85,2.09,0.1
1T-CdBr2,1T-NiO2,1.26,1.42,2.04
1T-CdBr2,1T-PtO2,3.39,3.55,0.11
2H-WSe2,1T-CdBr2,1.84,2.26,2.48
2H-WTe2,1T-CdBr2,1.3,1.96,3.02
2H-ZrCl2,1T-CdBr2,0.96,1.51,3.36
2H-ZrCl2,1T-CdCl2,1.07,1.72,4.29
1T-CdI2,1T-PtO2,2.02,2.12,1.48
1T-CdI2,1T-SnSe2,1.38,1.7,0.06
2H-ZrCl2,1T-CdI2,1.01,1.3,1.98
1T-GeI2,1T-GeBr2,2.2,2.31,0.89
1T-PbI2,1T-GeBr2,2.58,2.79,0.51
2H-MoSe2,1T-GeBr2,1.67,2.02,1.43
2H-MoTe2,1T-GeBr2,1.1,1.48,1.99
2H-WSe2,1T-GeBr2,1.32,1.77,1.78
2H-WTe2,1T-GeBr2,0.77,1.44,2.32
2H-ZrCl2,1T-GeBr2,0.43,1.02,2.66
1T-GeI2,1T-HfS2,1.33,1.46,0.71
1T-GeI2,1T-HgBr2,2.44,2.67,1.35
1T-GeI2,1T-SnS2,1.37,1.65,1.11
1T-GeI2,1T-ZrS2,1.09,1.23,0.86
2H-WSe2,1T-GeI2,1.75,2.4,0.88
2H-WTe2,1T-GeI2,1.21,1.64,1.43
2H-ZrCl2,1T-GeI2,0.87,1.28,1.77
1T-HfSe2,1T-HfS2,1.0,1.52,1.04
1T-HfS2,1T-NiO2,0.38,0.73,2.91
1T-PtSe2,1T-HfS2,0.84,1.7,1.2
1T-ZnI2,1T-HfS2,1.43,1.6,0.62
1T-HfS2,1T-ZrS2,1.81,2.41,0.14
2H-GeI2,1T-HfS2,1.3,1.41,0.74
2H-MoS2,1T-HfS2,1.42,1.59,0.62
2H-MoSe2,1T-HfS2,0.8,1.11,1.25
2H-MoTe2,1T-HfS2,0.23,0.39,1.81
2H-WS2,1T-HfS2,1.07,1.25,0.98
1T-PtSe2,1T-HfSe2,0.94,1.85,0.16
1T-HfSe2,1T-SnS2,1.05,1.61,1.44
1T-HfSe2,1T-SnSe2,0.84,1.73,0.61
1T-HfSe2,1T-ZrS2,0.76,1.25,1.18
1T-HfSe2,1T-ZrSe2,0.8,1.54,0.14
2H-MoSe2,1T-HfSe2,0.89,1.05,0.21
2H-MoTe2,1T-HfSe2,0.33,0.49,0.77
2H-WSe2,1T-HfSe2,0.54,0.71,0.55
1T-HgBr2,1T-NiO2,1.01,1.23,2.28
2H-MoTe2,1T-HgBr2,1.34,1.58,2.45
1T-CdI2,1T-CaI2,2.99,3.36,0.54
1T-GeI2,1T-CaI2,2.64,3.05,0.76
1T-HfS2,1T-CaI2,2.04,2.9,0.04
1T-HfSe2,1T-CaI2,1.1,2.02,1.09
1T-CaI2,1T-MgBr2,4.56,5.22,1.06
1T-CaI2,1T-MgCl2,4.56,5.22,2.12
1T-MgI2,1T-CaI2,4.16,4.64,0.38
1T-OTl2,1T-CaI2,1.51,1.51,1.7
1T-PbI2,1T-CaI2,2.65,2.91,0.38
1T-PdTe2,1T-CaI2,0.09,0.83,2.65
1T-PtS2,1T-CaI2,2.65,2.79,0.18
1T-PtSe2,1T-CaI2,1.72,2.08,1.25
1T-PtTe2,1T-CaI2,0.62,1.31,2.58
1T-STl2,1T-CaI2,1.89,2.07,1.95
1T-SnSe2,1T-CaI2,1.44,1.81,0.48
1T-TiS2,1T-CaI2,0.71,1.11,0.68
1T-YbI2,1T-CaI2,2.35,2.4,1.92
1T-ZnI2,1T-CaI2,2.59,3.01,0.66
1T-ZrSe2,1T-CaI2,0.94,1.68,0.95
2H-GeI2,1T-CaI2,2.36,2.93,0.78
2H-MoS2,1T-CaI2,2.22,2.22,0.66
2H-MoSe2,1T-CaI2,1.95,1.95,1.29
2H-MoTe2,1T-CaI2,1.5,1.5,1.85
2H-WS2,1T-CaI2,2.2,2.2,1.02
2H-WSe2,1T-CaI2,1.88,1.88,1.64
2H-WTe2,1T-CaI2,1.3,1.3,2.18
2H-ZrCl2,1T-CaI2,1.55,2.29,2.53
1T-CdBr2,1T-CdCl2,4.32,4.32,0.93
1T-GeBr2,1T-CdBr2,3.09,3.61,0.7
1T-GeI2,1T-CdBr2,2.64,3.05,1.59
1T-HfS2,1T-CdBr2,2.04,2.9,0.88
1T-HfSe2,1T-CdBr2,1.1,2.02,1.92
1T-HgBr2,1T-CdBr2,3.79,3.79,0.25
1T-CdBr2,1T-MgBr2,4.32,4.32,0.22
1T-CdBr2,1T-MgCl2,4.32,4.32,1.28
1T-OTl2,1T-CdBr2,1.51,1.51,2.53
1T-PbI2,1T-CdBr2,2.65,2.91,1.21
1T-PdTe2,1T-CdBr2,0.09,0.83,3.49
1T-PtS2,1T-CdBr2,2.65,2.79,1.02
1T-PtSe2,1T-CdBr2,1.72,2.08,2.08
1T-PtTe2,1T-CdBr2,0.62,1.31,3.42
1T-SnS2,1T-CdBr2,2.48,2.75,0.48
1T-SnSe2,1T-CdBr2,1.44,1.81,1.32
1T-TiS2,1T-CdBr2,0.71,1.11,1.52
1T-CdBr2,1T-ZnCl2,4.32,4.32,0.86
1T-ZnI2,1T-CdBr2,2.59,3.01,1.5
1T-ZrS2,1T-CdBr2,1.95,2.56,0.74
1T-ZrSe2,1T-CdBr2,0.94,1.68,1.79
2H-GeI2,1T-CdBr2,2.36,2.93,1.62
1T-OTl2,1T-HfS2,0.39,1.66,1.12
1T-PbI2,1T-HfS2,1.71,0.34,0.94
1T-PtS2,1T-HfS2,1.9,0.14,0.75
1T-STl2,1T-HfS2,0.14,1.9,1.75
1T-YbI2,1T-HfS2,0.17,1.87,2.18
2H-WSe2,1T-HfS2,0.45,1.6,1.43
1T-OTl2,1T-HfSe2,0.48,0.61,1.02
1T-STl2,1T-HfSe2,0.23,0.86,1.65
1T-HfSe2,1T-TiS2,0.3,0.41,0.79
1T-YbI2,1T-HfSe2,0.27,0.83,2.09
1T-MgI2,1T-HgBr2,2.82,0.97,1.35
1T-OTl2,1T-HgBr2,1.5,2.29,0.01
1T-HgBr2,1T-PtO2,3.15,0.35,0.64
1T-PtTe2,1T-HgBr2,0.62,3.17,0.01
1T-STl2,1T-HgBr2,1.25,2.54,0.64
1T-YbI2,1T-HgBr2,1.28,2.51,1.07
1T-ZnI2,1T-HgBr2,2.54,1.25,0.05
2H-MoSe2,1T-HgBr2,1.91,1.88,0.04
1T-MgBr2,1T-NiO2,1.48,1.81,4.38
1T-MgBr2,1T-ZnCl2,5.49,0.64,0.37
1T-MgI2,1T-PbI2,2.65,0.0,1.52
1T-MgI2,1T-PtS2,2.46,0.2,1.71
1T-MgI2,1T-SnS2,1.75,0.73,2.41
1T-MgI2,1T-ZnBr2,3.51,1.1,0.65
1T-MgI2,1T-ZnCl2,4.05,2.08,0.12
1T-MgI2,1T-ZrS2,1.47,0.48,2.7
1T-PbI2,1T-NiO2,0.04,3.25,2.61
1T-PtO2,1T-NiO2,1.36,1.93,2.14
1T-PtS2,1T-NiO2,0.24,3.06,2.42
1T-ZnBr2,1T-NiO2,1.14,2.15,3.47
1T-ZnCl2,1T-NiO2,2.12,1.18,4.01
1T-OTl2,1T-PbI2,1.33,1.32,0.18
1T-OTl2,1T-PtO2,0.86,2.64,0.65
1T-OTl2,1T-PtSe2,1.27,0.45,0.24
1T-STl2,1T-OTl2,1.26,0.25,0.63
1T-OTl2,1T-SnS2,0.43,2.05,1.07
1T-YbI2,1T-OTl2,1.29,0.22,1.07
1T-OTl2,1T-ZrS2,0.15,1.8,1.35
1T-OTl2,1T-ZrSe2,0.19,0.75,1.31
1T-OTl2,2H-GeI2,1.45,0.91,0.06
1T-PbI2,1T-PtO2,2.18,1.32,0.47
1T-PbI2,1T-PtS2,2.46,0.19,0.19
1T-PtTe2,1T-PbI2,0.45,2.2,0.18
1T-STl2,1T-PbI2,1.08,1.57,0.81
1T-PbI2,1T-SnS2,1.75,0.73,0.9
1T-YbI2,1T-PbI2,1.11,1.54,1.24
1T-ZnI2,1T-PbI2,2.37,0.28,0.22
1T-PbI2,1T-ZrS2,1.47,0.48,1.18
2H-WTe2,1T-PbI2,0.84,1.81,0.46
1T-PtS2,1T-PtO2,2.37,1.13,0.28
1T-PtSe2,1T-PtO2,1.31,2.19,0.41
1T-STl2,1T-PtO2,0.61,2.89,1.28
1T-YbI2,1T-PtO2,0.64,2.86,1.71
1T-ZnBr2,1T-PtO2,3.28,0.22,1.34
2H-GeI2,1T-PtO2,1.77,1.73,0.59
2H-MoSe2,1T-PtO2,1.27,2.23,0.68
2H-ZrCl2,1T-PtO2,0.03,3.47,1.52
1T-PtSe2,1T-PtS2,1.59,1.06,0.13
1T-PtS2,1T-SnS2,1.95,0.54,0.71
1T-YbI2,1T-PtS2,0.92,1.73,1.43
1T-PtS2,1T-ZrS2,1.67,0.28,0.99
2H-GeI2,1T-PtS2,2.05,0.6,0.31
1T-STl2,1T-PtSe2,1.02,0.7,0.87
1T-PtSe2,1T-SnSe2,0.68,0.77,1.04
1T-PtSe2,1T-TiS2,0.14,0.57,1.57
1T-YbI2,1T-PtSe2,1.05,0.67,1.31
1T-PtSe2,1T-ZrSe2,0.64,0.3,1.07
2H-MoTe2,1T-PtSe2,1.11,0.61,0.39
1T-PtTe2,2H-GeI2,0.57,1.8,0.06
1T-STl2,1T-SnS2,0.18,2.3,1.7
1T-STl2,2H-GeI2,1.2,1.16,0.69
1T-STl2,2H-MoS2,0.94,1.28,0.95
1T-STl2,2H-MoSe2,1.29,0.65,0.59
1T-STl2,2H-WS2,1.27,0.93,0.62
1T-STl2,2H-WSe2,1.57,0.31,0.32
1T-YbI2,1T-SnS2,0.22,2.27,2.14
1T-ZnI2,1T-SnS2,1.47,1.01,1.12
2H-GeI2,1T-SnS2,1.35,1.14,1.01
1T-YbI2,1T-SnSe2,0.01,1.43,2.35
1T-SnSe2,1T-ZrS2,1.37,0.58,0.07
2H-GeI2,1T-SnSe2,1.14,0.3,1.22
2H-MoTe2,1T-SnSe2,0.07,1.37,1.43
2H-GeI2,1T-TiS2,0.61,0.1,1.75
1T-YbI2,1T-ZnBr2,1.98,2.64,0.38
1T-YbI2,1T-ZnI2,1.33,1.25,1.02
1T-YbI2,2H-MoS2,0.97,1.25,1.38
1T-YbI2,2H-MoSe2,1.32,0.62,1.03
1T-YbI2,2H-MoTe2,1.44,0.06,0.92
1T-YbI2,2H-WS2,1.3,0.9,1.06
1T-YbI2,2H-WSe2,1.6,0.28,0.75
1T-ZnI2,1T-ZrS2,1.19,0.76,1.4
2H-GeI2,1T-ZrS2,1.07,0.88,1.3
2H-GeI2,2H-MoS2,2.1,0.12,0.26
2H-WS2,2H-GeI2,2.13,0.23,0.07
2H-ZrCl2,2H-GeI2,0.62,1.74,0.93
2H-WS2,2H-MoS2,1.87,0.35,0.33
2H-ZrCl2,2H-MoS2,0.36,1.86,1.19
2H-MoTe2,2H-MoSe2,1.39,0.56,0.11
2H-WSe2,2H-MoSe2,1.6,0.35,0.28
2H-WTe2,2H-MoSe2,1.06,0.89,0.25
2H-MoTe2,2H-WS2,1.36,0.84,0.14
2H-WTe2,2H-MoTe2,1.17,0.33,0.13
2H-ZrCl2,2H-WS2,0.69,1.51,0.86
2H-WS2,1T-HgBr2,2.18,2.52,1.61
2H-WSe2,1T-HgBr2,1.56,1.82,2.23
2H-WTe2,1T-HgBr2,1.01,1.32,2.77
2H-ZrCl2,1T-HgBr2,0.67,0.92,3.12
1T-MgCl2,1T-NiO2,2.54,2.71,0.76
1T-MgI2,1T-NiO2,0.04,0.37,3.25
1T-MgI2,1T-PtO2,2.18,2.31,1.32
1T-SnS2,1T-NiO2,0.77,0.91,2.52
1T-ZrS2,1T-NiO2,0.52,0.87,2.77
1T-OTl2,1T-PtS2,1.14,1.62,1.51
1T-PtTe2,1T-OTl2,0.62,1.25,0.88
1T-OTl2,1T-SnSe2,0.23,0.42,1.22
1T-OTl2,2H-MoS2,1.19,1.46,1.03
2H-MoTe2,1T-OTl2,1.35,1.73,0.16
2H-WTe2,1T-OTl2,1.02,1.67,0.49
2H-ZrCl2,1T-OTl2,0.68,1.26,0.83
2H-GeI2,1T-PbI2,2.24,2.35,0.41
2H-MoSe2,1T-PbI2,1.74,2.1,0.91
2H-MoTe2,1T-PbI2,1.17,1.65,1.48
2H-WS2,1T-PbI2,2.01,2.35,0.64
2H-WSe2,1T-PbI2,1.39,1.89,1.26
2H-ZrCl2,1T-PbI2,0.5,1.15,2.15
1T-ZnI2,1T-PtO2,1.9,2.04,1.6
2H-MoS2,1T-PtO2,1.89,2.33,1.61
2H-MoTe2,1T-PtO2,0.7,0.93,2.8
2H-WS2,1T-PtO2,1.54,1.98,1.96
2H-WSe2,1T-PtO2,0.92,1.03,2.58
2H-WTe2,1T-PtO2,0.37,0.6,3.13
1T-PtTe2,1T-PtS2,0.26,0.51,2.4
1T-STl2,1T-PtS2,0.89,1.08,1.76
1T-ZnI2,1T-PtS2,2.18,2.6,0.48
2H-MoS2,1T-PtS2,2.17,2.37,0.48
2H-MoSe2,1T-PtS2,1.55,1.78,1.11
2H-MoTe2,1T-PtS2,0.98,1.32,1.67
2H-WS2,1T-PtS2,1.82,2.04,0.83
2H-WSe2,1T-PtS2,1.2,1.45,1.46
2H-WTe2,1T-PtS2,0.65,1.03,2.0
2H-ZrCl2,1T-PtS2,0.31,0.42,2.34
1T-PtTe2,1T-PtSe2,0.38,0.56,1.33
1T-PtSe2,1T-SnS2,0.89,1.84,1.6
1T-PtSe2,1T-ZrS2,0.6,1.21,1.34
1T-PtSe2,2H-MoS2,1.64,1.93,0.58
2H-MoSe2,1T-PtSe2,1.67,1.83,0.05
2H-WSe2,1T-PtSe2,1.32,1.59,0.39
2H-WTe2,1T-PtSe2,0.78,0.9,0.94
2H-ZrCl2,1T-PtSe2,0.44,0.61,1.28
1T-PtTe2,2H-MoS2,0.31,0.7,1.92
1T-STl2,1T-ZnI2,1.3,1.48,1.29
1T-STl2,2H-MoTe2,1.41,1.77,0.09
2H-ZrCl2,1T-STl2,1.31,1.45,0.58
2H-MoS2,1T-SnS2,1.47,1.82,1.01
2H-MoSe2,1T-SnS2,0.84,1.29,1.64
2H-MoTe2,1T-SnS2,0.28,0.53,2.21
2H-WS2,1T-SnS2,1.11,1.51,1.37
2H-WSe2,1T-SnS2,0.49,1.06,1.99
1T-ZnI2,1T-SnSe2,1.26,1.46,0.18
2H-MoS2,1T-SnSe2,1.26,1.45,0.18
2H-MoSe2,1T-SnSe2,0.63,0.96,0.81
2H-WS2,1T-SnSe2,0.91,1.14,0.54
2H-WSe2,1T-SnSe2,0.28,0.66,1.16
1T-ZrSe2,1T-TiS2,0.44,0.62,0.27
2H-MoSe2,1T-TiS2,0.1,0.26,0.61
2H-WS2,1T-TiS2,0.37,0.63,0.34
1T-YbI2,2H-GeI2,1.23,1.34,1.13
2H-ZrCl2,1T-ZnBr2,1.37,1.49,3.25
2H-MoTe2,1T-ZnI2,1.39,1.67,1.19
2H-WSe2,1T-ZnI2,1.61,1.95,0.98
2H-WTe2,1T-ZnI2,1.06,1.42,1.52
2H-ZrCl2,1T-ZnI2,0.72,0.88,1.86
1T-ZrSe2,1T-ZrS2,0.9,1.38,1.05
2H-MoS2,1T-ZrS2,1.19,1.36,0.76
2H-MoSe2,1T-ZrS2,0.56,0.88,1.39
2H-WS2,1T-ZrS2,0.83,1.01,1.12
2H-WSe2,1T-ZrS2,0.21,0.62,1.74
2H-MoSe2,1T-ZrSe2,0.6,0.77,0.34
2H-MoTe2,1T-ZrSe2,0.04,0.21,0.91
2H-WS2,1T-ZrSe2,0.87,1.11,0.07
2H-WSe2,1T-ZrSe2,0.25,0.43,0.69
2H-MoSe2,2H-GeI2,1.85,2.12,0.51
2H-MoTe2,2H-GeI2,1.29,1.55,1.07
2H-WSe2,2H-GeI2,1.51,1.81,0.86
2H-WTe2,2H-GeI2,0.96,1.33,1.4
2H-MoSe2,2H-MoS2,1.6,1.96,0.63
2H-MoTe2,2H-MoS2,1.03,1.42,1.19
2H-WSe2,2H-MoS2,1.25,1.62,0.98
2H-WTe2,2H-MoS2,0.7,1.13,1.52
2H-MoSe2,2H-WS2,1.92,2.14,0.27
2H-ZrCl2,2H-MoSe2,0.71,0.96,1.23
2H-ZrCl2,2H-MoTe2,0.83,1.16,0.67
2H-WSe2,2H-WS2,1.57,1.81,0.62
2H-WTe2,2H-WS2,1.03,1.33,1.17
2H-ZrCl2,2H-WSe2,0.99,1.14,0.89
2H-ZrCl2,2H-WTe2,0.96,1.34,0.34
2H-MoS2,1T-CdBr2,2.22,2.22,1.5
2H-MoSe2,1T-CdBr2,1.95,1.95,2.13
2H-MoTe2,1T-CdBr2,1.5,1.5,2.69
2H-WS2,1T-CdBr2,2.2,2.2,1.85
1T-CdI2,1T-CdCl2,2.99,3.36,2.31
1T-GeBr2,1T-CdCl2,3.09,3.61,1.63
1T-GeI2,1T-CdCl2,2.64,3.05,2.52
1T-HfS2,1T-CdCl2,2.04,2.9,1.81
1T-HfSe2,1T-CdCl2,1.1,2.02,2.85
1T-HgBr2,1T-CdCl2,3.79,3.79,1.18
1T-CdCl2,1T-MgCl2,5.36,5.36,0.35
1T-OTl2,1T-CdCl2,1.51,1.51,3.46
1T-PbI2,1T-CdCl2,2.65,2.91,2.14
1T-PdTe2,1T-CdCl2,0.09,0.83,4.42
1T-PtO2,1T-CdCl2,3.5,3.95,0.82
1T-PtS2,1T-CdCl2,2.65,2.79,1.95
1T-PtSe2,1T-CdCl2,1.72,2.08,3.01
1T-PtTe2,1T-CdCl2,0.62,1.31,4.35
1T-SnS2,1T-CdCl2,2.48,2.75,1.41
1T-SnSe2,1T-CdCl2,1.44,1.81,2.25
1T-TiS2,1T-CdCl2,0.71,1.11,2.45
1T-ZnI2,1T-CdCl2,2.59,3.01,2.43
1T-ZrS2,1T-CdCl2,1.95,2.56,1.67
1T-ZrSe2,1T-CdCl2,0.94,1.68,2.72
2H-GeI2,1T-CdCl2,2.36,2.93,2.55
2H-MoS2,1T-CdCl2,2.22,2.22,2.43
2H-MoSe2,1T-CdCl2,1.95,1.95,3.06
2H-MoTe2,1T-CdCl2,1.5,1.5,3.62
2H-WS2,1T-CdCl2,2.2,2.2,2.78
2H-WSe2,1T-CdCl2,1.88,1.88,3.41
2H-WTe2,1T-CdCl2,1.3,1.3,3.95
1T-GeI2,1T-CdI2,2.64,3.05,0.22
1T-HfSe2,1T-CdI2,1.1,2.02,0.54
1T-CdI2,1T-MgBr2,2.99,3.36,1.6
1T-CdI2,1T-MgCl2,2.99,3.36,2.66
1T-CdI2,1T-MgI2,2.99,3.36,0.16
1T-OTl2,1T-CdI2,1.51,1.51,1.16
1T-PdTe2,1T-CdI2,0.09,0.83,2.11
1T-PtSe2,1T-CdI2,1.72,2.08,0.7
1T-PtTe2,1T-CdI2,0.62,1.31,2.04
1T-TiS2,1T-CdI2,0.71,1.11,0.14
1T-CdI2,1T-ZnBr2,2.99,3.36,1.26
1T-CdI2,1T-ZnCl2,2.99,3.36,2.24
1T-ZnI2,1T-CdI2,2.59,3.01,0.12
1T-ZrSe2,1T-CdI2,0.94,1.68,0.41
2H-GeI2,1T-CdI2,2.36,2.93,0.24
2H-MoS2,1T-CdI2,2.22,2.22,0.12
2H-MoSe2,1T-CdI2,1.95,1.95,0.75
2H-MoTe2,1T-CdI2,1.5,1.5,1.31
2H-WS2,1T-CdI2,2.2,2.2,0.48
2H-WSe2,1T-CdI2,1.88,1.88,1.1
2H-WTe2,1T-CdI2,1.3,1.3,1.64
1T-HfS2,1T-GeBr2,2.04,2.9,0.18
1T-HfSe2,1T-GeBr2,1.1,2.02,1.22
1T-GeBr2,1T-HgBr2,3.09,3.61,0.45
1T-GeBr2,1T-MgBr2,3.09,3.61,0.92
1T-GeBr2,1T-MgCl2,3.09,3.61,1.98
1T-PdTe2,1T-GeBr2,0.09,0.83,2.79
1T-PtS2,1T-GeBr2,2.65,2.79,0.32
1T-SnSe2,1T-GeBr2,1.44,1.81,0.62
1T-TiS2,1T-GeBr2,0.71,1.11,0.82
1T-GeBr2,1T-ZnBr2,3.09,3.61,0.58
1T-GeBr2,1T-ZnCl2,3.09,3.61,1.56
1T-ZrS2,1T-GeBr2,1.95,2.56,0.04
1T-ZrSe2,1T-GeBr2,0.94,1.68,1.09
2H-MoS2,1T-GeBr2,2.22,2.22,0.8
1T-HfSe2,1T-GeI2,1.1,2.02,0.33
1T-GeI2,1T-MgBr2,2.64,3.05,1.82
1T-GeI2,1T-MgCl2,2.64,3.05,2.87
1T-GeI2,1T-MgI2,2.64,3.05,0.38
1T-OTl2,1T-GeI2,1.51,1.51,0.94
1T-PdTe2,1T-GeI2,0.09,0.83,1.9
1T-PtSe2,1T-GeI2,1.72,2.08,0.49
1T-PtTe2,1T-GeI2,0.62,1.31,1.82
1T-GeI2,1T-ZnBr2,2.64,3.05,1.48
1T-GeI2,1T-ZnCl2,2.64,3.05,2.45
1T-ZrSe2,1T-GeI2,0.94,1.68,0.19
2H-GeI2,1T-GeI2,2.36,2.93,0.03
2H-MoSe2,1T-GeI2,1.95,1.95,0.53
2H-MoTe2,1T-GeI2,1.5,1.5,1.1
2H-WS2,1T-GeI2,2.2,2.2,0.26
1T-HfS2,1T-HgBr2,2.04,2.9,0.63
1T-HfS2,1T-MgBr2,2.04,2.9,1.1
1T-HfS2,1T-MgCl2,2.04,2.9,2.16
1T-HfS2,1T-PtO2,2.04,2.9,0.99
1T-HfS2,1T-SnS2,2.04,2.9,0.39
1T-SnSe2,1T-HfS2,1.44,1.81,0.44
1T-TiS2,1T-HfS2,0.71,1.11,0.64
1T-HfS2,1T-ZnBr2,2.04,2.9,0.76
1T-HfS2,1T-ZnCl2,2.04,2.9,1.74
1T-ZrSe2,1T-HfS2,0.94,1.68,0.91
1T-HfSe2,1T-HgBr2,1.1,2.02,1.68
1T-HfSe2,1T-MgBr2,1.1,2.02,2.15
1T-HfSe2,1T-MgCl2,1.1,2.02,3.2
1T-HfSe2,1T-MgI2,1.1,2.02,0.71
1T-HfSe2,1T-PbI2,1.1,2.02,0.71
1T-HfSe2,1T-PtO2,1.1,2.02,2.03
1T-HfSe2,1T-PtS2,1.1,2.02,0.9
1T-HfSe2,1T-ZnBr2,1.1,2.02,1.81
1T-HfSe2,1T-ZnCl2,1.1,2.02,2.78
1T-HfSe2,1T-ZnI2,1.1,2.02,0.42
1T-HfSe2,2H-GeI2,1.1,2.02,0.3
1T-HfSe2,2H-MoS2,1.1,2.02,0.42
1T-HfSe2,2H-WS2,1.1,2.02,0.07
1T-HgBr2,1T-MgBr2,3.79,3.79,0.47
1T-HgBr2,1T-MgCl2,3.79,3.79,1.53
1T-PbI2,1T-HgBr2,2.65,2.91,0.97
1T-PdTe2,1T-HgBr2,0.09,0.83,3.24
1T-PtS2,1T-HgBr2,2.65,2.79,0.77
1T-PtSe2,1T-HgBr2,1.72,2.08,1.84
1T-SnS2,1T-HgBr2,2.48,2.75,0.24
1T-SnSe2,1T-HgBr2,1.44,1.81,1.07
1T-TiS2,1T-HgBr2,0.71,1.11,1.27
1T-HgBr2,1T-ZnBr2,3.79,3.79,0.13
1T-HgBr2,1T-ZnCl2,3.79,3.79,1.11
1T-ZrS2,1T-HgBr2,1.95,2.56,0.49
1T-ZrSe2,1T-HgBr2,0.94,1.68,1.54
2H-GeI2,1T-HgBr2,2.36,2.93,1.37
2H-MoS2,1T-HgBr2,2.22,2.22,1.25
1T-MgBr2,1T-MgCl2,5.86,5.86,1.06
1T-MgI2,1T-MgBr2,4.16,4.64,1.44
1T-OTl2,1T-MgBr2,1.51,1.51,2.76
1T-PbI2,1T-MgBr2,2.65,2.91,1.44
1T-PdTe2,1T-MgBr2,0.09,0.83,3.71
1T-PtO2,1T-MgBr2,3.5,3.95,0.12
1T-PtS2,1T-MgBr2,2.65,2.79,1.24
1T-PtSe2,1T-MgBr2,1.72,2.08,2.31
1T-PtTe2,1T-MgBr2,0.62,1.31,3.64
1T-STl2,1T-MgBr2,1.89,2.07,3.01
1T-SnS2,1T-MgBr2,2.48,2.75,0.71
1T-SnSe2,1T-MgBr2,1.44,1.81,1.54
1T-TiS2,1T-MgBr2,0.71,1.11,1.74
1T-YbI2,1T-MgBr2,2.35,2.4,2.98
1T-ZnBr2,1T-MgBr2,4.61,4.73,0.34
1T-ZnI2,1T-MgBr2,2.59,3.01,1.72
1T-ZrS2,1T-MgBr2,1.95,2.56,0.96
1T-ZrSe2,1T-MgBr2,0.94,1.68,2.01
2H-GeI2,1T-MgBr2,2.36,2.93,1.84
2H-MoS2,1T-MgBr2,2.22,2.22,1.72
2H-MoSe2,1T-MgBr2,1.95,1.95,2.35
2H-MoTe2,1T-MgBr2,1.5,1.5,2.91
2H-WS2,1T-MgBr2,2.2,2.2,2.08
2H-WSe2,1T-MgBr2,1.88,1.88,2.7
2H-WTe2,1T-MgBr2,1.3,1.3,3.24
2H-ZrCl2,1T-MgBr2,1.55,2.29,3.59
1T-MgI2,1T-MgCl2,4.16,4.64,2.5
1T-OTl2,1T-MgCl2,1.51,1.51,3.81
1T-PbI2,1T-MgCl2,2.65,2.91,2.49
1T-PdTe2,1T-MgCl2,0.09,0.83,4.77
1T-PtO2,1T-MgCl2,3.5,3.95,1.17
1T-PtS2,1T-MgCl2,2.65,2.79,2.3
1T-PtSe2,1T-MgCl2,1.72,2.08,3.36
1T-PtTe2,1T-MgCl2,0.62,1.31,4.7
1T-STl2,1T-MgCl2,1.89,2.07,4.06
1T-SnS2,1T-MgCl2,2.48,2.75,1.76
1T-SnSe2,1T-MgCl2,1.44,1.81,2.6
1T-TiS2,1T-MgCl2,0.71,1.11,2.8
1T-YbI2,1T-MgCl2,2.35,2.4,4.03
1T-ZnBr2,1T-MgCl2,4.61,4.73,1.4
1T-ZnCl2,1T-MgCl2,6.12,6.12,0.42
1T-ZnI2,1T-MgCl2,2.59,3.01,2.78
1T-ZrS2,1T-MgCl2,1.95,2.56,2.02
1T-ZrSe2,1T-MgCl2,0.94,1.68,3.07
2H-GeI2,1T-MgCl2,2.36,2.93,2.9
2H-MoS2,1T-MgCl2,2.22,2.22,2.78
2H-MoSe2,1T-MgCl2,1.95,1.95,3.41
2H-MoTe2,1T-MgCl2,1.5,1.5,3.97
2H-WS2,1T-MgCl2,2.2,2.2,3.13
2H-WSe2,1T-MgCl2,1.88,1.88,3.76
2H-WTe2,1T-MgCl2,1.3,1.3,4.3
2H-ZrCl2,1T-MgCl2,1.55,2.29,4.64
1T-OTl2,1T-MgI2,1.51,1.51,1.32
1T-PdTe2,1T-MgI2,0.09,0.83,2.27
1T-PtSe2,1T-MgI2,1.72,2.08,0.87
1T-PtTe2,1T-MgI2,0.62,1.31,2.2
1T-STl2,1T-MgI2,1.89,2.07,1.57
1T-SnSe2,1T-MgI2,1.44,1.81,0.1
1T-TiS2,1T-MgI2,0.71,1.11,0.3
1T-YbI2,1T-MgI2,2.35,2.4,1.54
1T-ZnI2,1T-MgI2,2.59,3.01,0.28
1T-ZrSe2,1T-MgI2,0.94,1.68,0.57
2H-GeI2,1T-MgI2,2.36,2.93,0.4
2H-MoS2,1T-MgI2,2.22,2.22,0.28
2H-MoSe2,1T-MgI2,1.95,1.95,0.91
2H-MoTe2,1T-MgI2,1.5,1.5,1.47
2H-WS2,1T-MgI2,2.2,2.2,0.64
2H-WSe2,1T-MgI2,1.88,1.88,1.26
2H-WTe2,1T-MgI2,1.3,1.3,1.8
2H-ZrCl2,1T-MgI2,1.55,2.29,2.14
1T-PdTe2,1T-OTl2,0.09,0.83,0.96
1T-OTl2,1T-ZnBr2,1.51,1.51,2.42
1T-OTl2,1T-ZnCl2,1.51,1.51,3.39
1T-OTl2,1T-ZnI2,1.51,1.51,1.04
1T-OTl2,2H-MoSe2,1.51,1.51,0.41
1T-OTl2,2H-WS2,1.51,1.51,0.68
1T-OTl2,2H-WSe2,1.51,1.51,0.06
1T-PdTe2,1T-PbI2,0.09,0.83,2.28
1T-PtSe2,1T-PbI2,1.72,2.08,0.87
1T-SnSe2,1T-PbI2,1.44,1.81,0.1
1T-TiS2,1T-PbI2,0.71,1.11,0.3
1T-PbI2,1T-ZnBr2,2.65,2.91,1.1
1T-PbI2,1T-ZnCl2,2.65,2.91,2.08
1T-ZrSe2,1T-PbI2,0.94,1.68,0.57
2H-MoS2,1T-PbI2,2.22,2.22,0.28
1T-PdTe2,1T-PtS2,0.09,0.83,2.47
1T-PdTe2,1T-PtSe2,0.09,0.83,1.41
1T-PdTe2,1T-PtTe2,0.09,0.83,0.07
1T-PdTe2,1T-STl2,0.09,0.83,0.71
1T-PdTe2,1T-YbI2,0.09,0.83,0.74
1T-PdTe2,1T-ZnBr2,0.09,0.83,3.37
1T-PdTe2,1T-ZnCl2,0.09,0.83,4.35
1T-PdTe2,1T-ZnI2,0.09,0.83,1.99
1T-PdTe2,2H-GeI2,0.09,0.83,1.87
1T-PdTe2,2H-MoS2,0.09,0.83,1.99
1T-PdTe2,2H-MoSe2,0.09,0.83,1.36
1T-PdTe2,2H-MoTe2,0.09,0.83,0.8
1T-PdTe2,2H-WS2,0.09,0.83,1.64
1T-PdTe2,2H-WSe2,0.09,0.83,1.01
1T-PdTe2,2H-WTe2,0.09,0.83,0.47
1T-PdTe2,2H-ZrCl2,0.09,0.83,0.13
1T-SnS2,1T-PtO2,2.48,2.75,0.59
1T-SnSe2,1T-PtO2,1.44,1.81,1.42
1T-TiS2,1T-PtO2,0.71,1.11,1.62
1T-PtO2,1T-ZnCl2,3.5,3.95,0.75
1T-ZrS2,1T-PtO2,1.95,2.56,0.84
1T-ZrSe2,1T-PtO2,0.94,1.68,1.89
1T-SnSe2,1T-PtS2,1.44,1.81,0.3
1T-TiS2,1T-PtS2,0.71,1.11,0.5
1T-PtS2,1T-ZnBr2,2.65,2.79,0.9
1T-PtS2,1T-ZnCl2,2.65,2.79,1.88
1T-ZrSe2,1T-PtS2,0.94,1.68,0.77
1T-PtSe2,1T-ZnBr2,1.72,2.08,1.97
1T-PtSe2,1T-ZnCl2,1.72,2.08,2.94
1T-PtSe2,1T-ZnI2,1.72,2.08,0.58
1T-PtSe2,2H-GeI2,1.72,2.08,0.46
1T-PtSe2,2H-WS2,1.72,2.08,0.23
1T-PtTe2,1T-STl2,0.62,1.31,0.63
1T-PtTe2,1T-YbI2,0.62,1.31,0.66
1T-PtTe2,1T-ZnBr2,0.62,1.31,3.3
1T-PtTe2,1T-ZnCl2,0.62,1.31,4.28
1T-PtTe2,1T-ZnI2,0.62,1.31,1.92
1T-PtTe2,2H-MoSe2,0.62,1.31,1.29
1T-PtTe2,2H-MoTe2,0.62,1.31,0.73
1T-PtTe2,2H-WS2,0.62,1.31,1.56
1T-PtTe2,2H-WSe2,0.62,1.31,0.94
1T-PtTe2,2H-WTe2,0.62,1.31,0.4
1T-PtTe2,2H-ZrCl2,0.62,1.31,0.05
1T-STl2,1T-YbI2,1.89,2.07,0.03
1T-STl2,1T-ZnBr2,1.89,2.07,2.67
1T-STl2,1T-ZnCl2,1.89,2.07,3.64
2H-WTe2,1T-STl2,1.3,1.3,0.24
1T-SnSe2,1T-SnS2,1.44,1.81,0.83
1T-TiS2,1T-SnS2,0.71,1.11,1.03
1T-SnS2,1T-ZnBr2,2.48,2.75,0.37
1T-SnS2,1T-ZnCl2,2.48,2.75,1.34
1T-ZrS2,1T-SnS2,1.95,2.56,0.25
1T-ZrSe2,1T-SnS2,0.94,1.68,1.3
1T-TiS2,1T-SnSe2,0.71,1.11,0.2
1T-SnSe2,1T-ZnBr2,1.44,1.81,1.2
1T-SnSe2,1T-ZnCl2,1.44,1.81,2.18
1T-ZrSe2,1T-SnSe2,0.94,1.68,0.47
1T-TiS2,1T-ZnBr2,0.71,1.11,1.4
1T-TiS2,1T-ZnCl2,0.71,1.11,2.38
1T-TiS2,1T-ZnI2,0.71,1.11,0.02
1T-TiS2,1T-ZrS2,0.71,1.11,0.78
1T-TiS2,2H-MoS2,0.71,1.11,0.02
1T-YbI2,1T-ZnCl2,2.35,2.4,3.61
2H-WTe2,1T-YbI2,1.3,1.3,0.27
2H-ZrCl2,1T-YbI2,1.55,2.29,0.61
1T-ZnBr2,1T-ZnCl2,4.61,4.73,0.98
1T-ZnI2,1T-ZnBr2,2.59,3.01,1.38
1T-ZrS2,1T-ZnBr2,1.95,2.56,0.62
1T-ZrSe2,1T-ZnBr2,0.94,1.68,1.67
2H-GeI2,1T-ZnBr2,2.36,2.93,1.5
2H-MoS2,1T-ZnBr2,2.22,2.22,1.38
2H-MoSe2,1T-ZnBr2,1.95,1.95,2.01
2H-MoTe2,1T-ZnBr2,1.5,1.5,2.58
2H-WS2,1T-ZnBr2,2.2,2.2,1.74
2H-WSe2,1T-ZnBr2,1.88,1.88,2.36
2H-WTe2,1T-ZnBr2,1.3,1.3,2.9
1T-ZnI2,1T-ZnCl2,2.59,3.01,2.36
1T-ZrS2,1T-ZnCl2,1.95,2.56,1.6
1T-ZrSe2,1T-ZnCl2,0.94,1.68,2.65
2H-GeI2,1T-ZnCl2,2.36,2.93,2.48
2H-MoS2,1T-ZnCl2,2.22,2.22,2.36
2H-MoSe2,1T-ZnCl2,1.95,1.95,2.99
2H-MoTe2,1T-ZnCl2,1.5,1.5,3.55
2H-WS2,1T-ZnCl2,2.2,2.2,2.71
2H-WSe2,1T-ZnCl2,1.88,1.88,3.34
2H-WTe2,1T-ZnCl2,1.3,1.3,3.88
2H-ZrCl2,1T-ZnCl2,1.55,2.29,4.22
1T-ZrSe2,1T-ZnI2,0.94,1.68,0.29
2H-GeI2,1T-ZnI2,2.36,2.93,0.12
2H-MoS2,1T-ZnI2,2.22,2.22,0.0
2H-MoSe2,1T-ZnI2,1.95,1.95,0.63
2H-WS2,1T-ZnI2,2.2,2.2,0.36
1T-ZrSe2,2H-GeI2,0.94,1.68,0.16
1T-ZrSe2,2H-MoS2,0.94,1.68,0.29
2H-MoTe2,2H-WSe2,1.5,1.5,0.21
2H-WTe2,2H-WSe2,1.3,1.3,0.54
